Type,Yarn#,Description,Pounds,Mill,Usage,Loss%,Lbs/Wk,MillStyle,
Dye,22G-153,RUST MBDC,669,W,,1,,    996-22851-1   ,
Dye,22G-153,RUST MBDC,374,W,,1,,    996-24080-3   ,
Dye,22G-193,NAVY,249,W,,1,,    996-24080-2   ,
Dye,22G-193,NAVY,104,W,,1,,   1001-24183-1   ,
Dye,22G-193,NAVY,104,W,,1,,   1001-24183-2   ,
Dye,22G-193,NAVY,771,W,,1,,    996-24438-2   ,
Dye,22G-241,MARN. MBDC,398,W,,1,,    996-24226-1   ,
Dye,22G-301,CHER. MBDC,120,W,,1,,    996-24226-1   ,
Dye,22G-301,CHER. MBDC,3,W,,1,,   1005-24041-1   ,
Dye,22G-305,BROWN MBDC,28,W,,1,,    996-20549-1   ,
Dye,22G-311,PEACH,295,W,,1,,    996-24080-3   ,
Dye,22G-311,PEACH,32,W,,1,,   1001-24298-1   ,
Dye,22G-322,MARN. MBDC,386,W,,1,,   1001-23935-4   ,
Dye,22G-335,GREEN MBDC,38,W,,1,,   1005-24041-1   ,
Dye,22G-360,COPP MBDC,386,W,,1,,   1001-23935-1   ,
Dye,22G-360,COPP MBDC,161,W,,1,,    996-24076-1   ,
Dye,22G-360,COPP MBDC,197,W,,1,,    996-24080-2   ,
Dye,22G-370,COPP. MBDC,771,W,,1,,   1001-23935-5   ,
Dye,22G-370,COPP. MBDC,66,W,,1,,   1001-24183-1   ,
Dye,22G-370,COPP. MBDC,66,W,,1,,   1001-24183-2   ,
Dye,22G-479,BLUE MBDC,65,W,,1,,   1001-24298-1   ,
Dye,22G-524,RED MBDC,1029,W,,1,,   1001-24145-1   ,
Dye,22G-524,RED MBDC,456,W,,1,,    996-20549-1   ,
Dye,22G-524,RED MBDC,763,W,,1,,    996-24387-1   ,
Dye,22G-536,TURQ. MBDC,101,W,,1,,   1001-24183-1   ,
Dye,22G-575,GREEN MBDC,1336,W,,1,,   1001-23131-2   ,
Dye,22G-575,GREEN MBDC,2520,W,,1,,    996-23335-3   ,
Dye,22G-670,GREEN MBDC,360,W,,1,,   1001-22534-1   ,
Dye,22G-818,BLUE MBDC,326,W,,1,,   1001-24183-2   ,
Dye,22G-985,GREEN,212,W,,1,,    996-24387-1   ,
Dye,22G-AA4,TURQ. MBDC,38,W,,1,,   1005-24041-1   ,
Dye,22G-AC7,BLUE,478,W,,1,,    996-24025-1   ,
Dye,22G-AC7,BLUE,117,W,,1,,    996-24387-1   ,
Dye,22G-AC8,GREEN,554,W,,1,,    996-24025-1   ,
Dye,22G-C85,BONE,142,W,,1,,   1001-23935-1   ,
Dye,22G-C85,BONE,284,W,,1,,   1001-23935-2   ,
Dye,22G-C85,BONE,285,W,,1,,   1001-23935-3   ,
Dye,22G-C85,BONE,142,W,,1,,   1001-23935-4   ,
Dye,22G-C85,BONE,285,W,,1,,   1001-23935-5   ,
Dye,22G-C85,BONE,592,W,,1,,    996-24226-1   ,
Dye,22G-C85,BONE,45,W,,1,,   1001-24183-1   ,
Dye,22G-D58,BROWN,32,W,,1,,   1001-24298-2   ,
Dye,22G-G13,TAN MBDL,600,W,,1,,    996-20549-1   ,
Dye,22G-H16,BLUE MBDC,309,W,,1,,    996-23659-1   ,
Dye,22G-J21,GREEN MBDC,309,W,,1,,    996-23659-1   ,
Dye,22G-K41,GREEN MBDC,78,W,,1,,    996-24226-1   ,
Dye,22G-K53,BROWN,38,W,,1,,   1005-24041-1   ,
Dye,22G-K55,YELLOW,457,W,,1,,    996-22086-1   ,
Dye,22G-K59,TAN,298,W,,1,,    996-22086-1   ,
Dye,22G-K77,BLUE MBDC,1879,W,,1,,   1001-24147-2   ,
Dye,22G-K77,BLUE MBDC,32,W,,1,,   1001-24298-1   ,
Dye,22G-K92,GREEN,101,W,,1,,   1001-24183-2   ,
Dye,22G-L20,TAN MBDC,96,W,,1,,   1001-24146-1   ,
Dye,22G-L32,PINK,995,W,,1,,    996-22086-1   ,
Dye,22G-L62,YELLOWMBDC,111,W,,1,,   1001-24145-1   ,
Dye,22G-L62,YELLOWMBDC,45,W,,1,,   1001-24183-2   ,
Dye,22G-L62,YELLOWMBDC,46,W,,1,,    996-24387-1   ,
Dye,22G-L65,GREEN MBDC,309,W,,1,,    996-23659-1   ,
Dye,22G-L65,GREEN MBDC,3440,W,,1,,    999-23517-4   ,
Dye,22G-L77,RED,771,W,,1,,    996-24438-2   ,
Dye,25A-102,BLACK,2680,W,,1,,   7675-21376-1   ,
Dye,25A-102,BLACK,222,W,,1,,   7675-23590-1   ,
Dye,25A-102,BLACK,322,W,,1,,   7675-21510-1   ,
Dye,25A-102,BLACK,2880,W,,1,,   7675-22793-1   ,
Dye,25A-102,BLACK,162,W,,1,,   7734-23980-1   ,
Dye,25A-102,BLACK,1815,W,,1,,   7675-23951-1   ,
Dye,25A-102,BLACK,1144,W,,1,,   7675-21971-1   ,
Dye,25A-102,BLACK,504,W,,1,,   7675-21406-1   ,
Dye,25A-102,BLACK,374,W,,1,,   7393A22822-1   ,
Dye,25A-102,BLACK,1729,W,,1,,   7393A23313-1   ,
Dye,25A-102,BLACK,2189,W,,1,,   7393A23719-1   ,
Dye,25A-102,BLACK,218,W,,1,,   7675-20650-1   ,
Dye,25A-112,BLUE,138,W,,1,,   7734-23981-1   ,
Dye,25A-140,NAVY,627,W,,1,,   7675-23590-2   ,
Dye,25A-140,NAVY,697,W,,1,,   7675-23953-1   ,
Dye,25A-140,NAVY,1149,W,,1,,   7393A24132-1   ,
Dye,25A-148,NAVY,1556,W,,1,,   7675-23590-2   ,
Dye,25A-150,BROWN,504,W,,1,,   7675-23136-1   ,
Dye,25A-150,BROWN,305,W,,1,,   7734-23980-1   ,
Dye,25A-150,BROWN,122,W,,1,,   7675-23592-1   ,
Dye,25A-156,NAVY,486,W,,1,,   7675-20649-1   ,
Dye,25A-157,RED,627,W,,1,,   7675-23590-2   ,
Dye,25A-157,RED,206,W,,1,,   7675-23951-1   ,
Dye,25A-157,RED,977,W,,1,,   7675-21971-1   ,
Dye,25A-158,BROWN,291,W,,1,,   7675-23953-1   ,
Dye,25A-158,BROWN,102,W,,1,,   7675-23592-1   ,
Dye,25A-158,BROWN,476,W,,1,,   7393A24132-1   ,
Dye,25A-166,BLUE,67,W,,1,,   7675-23951-1   ,
Dye,25A-166,BLUE,281,W,,1,,   7675-21971-1   ,
Dye,25A-178,GREEN,275,W,,1,,   7675-20649-1   ,
Dye,25A-179,YELLOW,314,W,,1,,   7675-23590-2   ,
Dye,25A-179,YELLOW,134,W,,1,,   7675-23951-1   ,
Dye,25A-179,YELLOW,307,W,,1,,   7675-23952-1   ,
Dye,25A-181,GOLD,32,W,,1,,   7675-20649-1   ,
Dye,25A-181,GOLD,30,W,,1,,   7675-20650-1   ,
Dye,25A-185,RED,96,W,,1,,   7675-21510-1   ,
Dye,25A-185,RED,139,W,,1,,   7675-23952-1   ,
Dye,25A-185,RED,219,W,,1,,   7675-23953-1   ,
Dye,25A-185,RED,105,W,,1,,   7393A22822-1   ,
Dye,25A-185,RED,353,W,,1,,   7393A24132-1   ,
Dye,25A-185,RED,361,W,,1,,   7675-23806-1   ,
Dye,25A-188,MAROON,504,W,,1,,   7675-23136-1   ,
Dye,25A-192,TAN,250,W,,1,,   7675-23951-1   ,
Dye,25A-192,TAN,575,W,,1,,   7675-23592-1   ,
Dye,25A-202,BROWN,122,W,,1,,   7675-23592-1   ,
Dye,25A-204,SLATE,365,W,,1,,   7734-23982-1   ,
Dye,25A-225,TAN,322,W,,1,,   7675-21510-1   ,
Dye,25A-225,TAN,346,W,,1,,   7675-23951-1   ,
Dye,25A-225,TAN,369,W,,1,,   7675-23953-1   ,
Dye,25A-225,TAN,374,W,,1,,   7393A22822-1   ,
Dye,25A-225,TAN,612,W,,1,,   7393A24132-1   ,
Dye,25A-241,MAROON,857,W,,1,,   7675-23136-1   ,
Dye,25A-242,BRICK,115,W,,1,,   7734-23981-1   ,
Dye,25A-263,BROWN,472,W,,1,,   7734-23980-1   ,
Dye,25A-263,BROWN,1546,W,,1,,   7675-23952-1   ,
Dye,25A-289,ORANGE,627,W,,1,,   7675-23590-2   ,
Dye,25A-289,ORANGE,149,W,,1,,   7675-23951-1   ,
Dye,25A-289,ORANGE,427,W,,1,,   7675-23952-1   ,
Dye,25A-353,GREEN,249,W,,1,,   7675-23952-1   ,
Dye,25A-360,COPPER,194,W,,1,,   7675-22793-1   ,
Dye,25A-360,COPPER,11,W,,1,,   7675-23592-1   ,
Dye,25A-360,COPPER,101,W,,1,,   7393A23313-1   ,
Dye,25A-360,COPPER,355,W,,1,,   7675-23806-1   ,
Dye,25A-384,BLUE,46,W,,1,,   7675-20650-1   ,
Dye,25A-390,BLUE,1618,W,,1,,   7675-22793-1   ,
Dye,25A-390,BLUE,13,W,,1,,   7675-23592-1   ,
Dye,25A-390,BLUE,950,W,,1,,   7393A23313-1   ,
Dye,25A-487,GREEN,158,W,,1,,   7675-23952-1   ,
Dye,25A-524,RED,2680,W,,1,,   7675-21376-1   ,
Dye,25A-524,RED,2189,W,,1,,   7393A23719-1   ,
Dye,25A-524,RED,298,W,,1,,   7675-20649-1   ,
Dye,25A-624,SCARLET,590,W,,1,,   7675-20650-1   ,
Dye,25A-670,GREEN,102,W,,1,,   7675-23592-1   ,
Dye,25A-670,GREEN,149,W,,1,,   7675-20650-1   ,
Dye,25A-799,GREEN,962,W,,1,,   7675-23953-1   ,
Dye,25A-799,GREEN,1578,W,,1,,   7393A24132-1   ,
Dye,25A-827,BRONZE,413,W,,1,,   7734-23980-1   ,
Dye,25A-827,BRONZE,416,W,,1,,   7675-23953-1   ,
Dye,25A-827,BRONZE,687,W,,1,,   7393A24132-1   ,
Dye,25A-906,GREY,77,W,,1,,   7675-21406-1   ,
Dye,25A-979,GOLD,30,W,,1,,   7734-23981-1   ,
Dye,25A-979,GOLD,525,W,,1,,   7675-23953-1   ,
Dye,25A-979,GOLD,246,W,,1,,   7675-21971-1   ,
Dye,25A-979,GOLD,863,W,,1,,   7393A24132-1   ,
Dye,25A-B61,GREY,504,W,,1,,   7675-23136-1   ,
Dye,25A-J74,BROWN,240,W,,1,,   7675-22793-1   ,
Dye,25A-J74,BROWN,128,W,,1,,   7393A23313-1   ,
Dye,25A-J91,GREEN,379,W,,1,,   7675-23952-1   ,
Dye,25A-K81,ORANGE,395,W,,1,,   7675-21406-1   ,
Dye,26E-107,GREEN,622,W,,1,,   7751-24327-1   ,
Dye,26E-128,SLATE,171,W,,1,,   7751-24326-1   ,
Dye,26E-128,SLATE,238,W,,1,,   7493A24437-1   ,
Dye,26E-140,NAVY,162,W,,1,,   7751-24324-1   ,
Dye,26E-140,NAVY,305,W,,1,,   7751-24454-1   ,
Dye,26E-150,BROWN,46,W,,1,,   7751-24325-1   ,
Dye,26E-150,BROWN,253,W,,1,,   7751-24327-1   ,
Dye,26E-150,BROWN,128,W,,1,,   7751-24454-1   ,
Dye,26E-185,RED,94,W,,1,,   7751-24454-1   ,
Dye,26E-193,NAVY,355,W,,1,,   7751-24326-1   ,
Dye,26E-193,NAVY,450,W,,1,,   7493A24437-1   ,
Dye,26E-202,BROWN,108,W,,1,,   7747A24365-1   ,
Dye,26E-202,BROWN,449,W,,1,,   7747A24366-1   ,
Dye,26E-204,SLATE,341,W,,1,,   7751-24324-1   ,
Dye,26E-204,SLATE,32,W,,1,,   7751-24325-1   ,
Dye,26E-225,SAND,163,W,,1,,   7751-24454-1   ,
Dye,26E-241,MAROON,82,W,,1,,    294A24373-1   ,
Dye,26E-241,MAROON,440,W,,1,,   7751-24325-1   ,
Dye,26E-242,BRICK,1305,W,,1,,    294A24051-1   ,
Dye,26E-286,BLUE,187,W,,1,,   7751-24326-1   ,
Dye,26E-286,BLUE,238,W,,1,,   7493A24437-1   ,
Dye,26E-290,TAN,227,W,,1,,    294A24426-1   ,
Dye,26E-318,BROWN,23,W,,1,,    294A24375-1   ,
Dye,26E-353,GREEN,133,W,,1,,   7747A24366-1   ,
Dye,26E-360,COPPER,135,W,,1,,   7751-24327-1   ,
Dye,26E-424,COPPER,82,W,,1,,    294A24373-1   ,
Dye,26E-799,GREEN,417,W,,1,,   7751-24454-1   ,
Dye,26E-827,BRONZE,180,W,,1,,   7751-24454-1   ,
Dye,26E-841,SLATE,189,W,,1,,   7747A24365-1   ,
Dye,26E-938,GREEN,92,W,,1,,   7747A24366-1   ,
Dye,26E-938,GREEN,22,W,,1,,   7751-24325-1   ,
Dye,26E-979,GOLD,228,W,,1,,   7751-24454-1   ,
Dye,26E-A06,STONE,90,W,,1,,    294A24373-1   ,
Dye,26E-A66,TAN,48,W,,1,,   7751-24326-1   ,
Dye,26E-A66,TAN,70,W,,1,,   7493A24437-1   ,
Dye,26E-A95,NAVY,189,W,,1,,   7747A24365-1   ,
Dye,26E-AD9,GREY,118,W,,1,,    294A24426-1   ,
Dye,26E-B91,TAN,263,W,,1,,   7751-24324-1   ,
Dye,26E-F19,OLIVE,298,W,,1,,   7747A24366-1   ,
Dye,26E-F19,OLIVE,377,W,,1,,   7751-24325-1   ,
Dye,26E-G60,TAN,75,W,,1,,    294A24374-1   ,
Dye,36B-169,RED,207,W,,1,,    726-16082-1   ,
Dye,36B-169,RED,286,W,,1,,    726-19007-1   ,
Dye,36B-169,RED,298,W,,1,,    738-19443-1   ,
Dye,36B-169,RED,154,W,,1,,    738-22554-1   ,
Dye,36B-234,GREEN,324,W,,1,,    726-15871-1   ,
Dye,36B-234,GREEN,413,W,,1,,    738-19004-1   ,
Dye,36B-288,GREEN,237,W,,1,,    726-15871-1   ,
Dye,36B-288,GREEN,292,W,,1,,    738-19004-1   ,
Dye,36B-290,TAN,374,W,,1,,    726-22799-1   ,
Dye,36B-290,TAN,369,W,,1,,    737F22890-1   ,
Dye,36B-290,TAN,630,W,,1,,    738-22800-1   ,
Dye,36B-290,TAN,54,W,,1,,    729J23714-1   ,
Dye,36B-295,DRAB,177,W,,1,,    726-16082-1   ,
Dye,36B-295,DRAB,211,W,,1,,    726-23419-1   ,
Dye,36B-295,DRAB,128,W,,1,,    738-22554-1   ,
Dye,36B-295,DRAB,239,W,,1,,    738-23306-1   ,
Dye,36B-299,RED,399,W,,1,,    726-15871-1   ,
Dye,36B-299,RED,499,W,,1,,    738-19004-1   ,
Dye,36B-320,YELLOW,255,W,,1,,    726-23587-1   ,
Dye,36B-320,YELLOW,358,W,,1,,    738-23463-1   ,
Dye,36B-320,YELLOW,140,W,,1,,    726-16082-1   ,
Dye,36B-320,YELLOW,240,W,,1,,    726-19007-1   ,
Dye,36B-320,YELLOW,248,W,,1,,    738-19443-1   ,
Dye,36B-320,YELLOW,102,W,,1,,    738-22554-1   ,
Dye,36B-345,BLUE,700,W,,1,,    726-19007-1   ,
Dye,36B-345,BLUE,756,W,,1,,    738-19443-1   ,
Dye,36B-384,BLUE,82,W,,1,,    726-16082-1   ,
Dye,36B-384,BLUE,197,W,,1,,    726-23419-1   ,
Dye,36B-384,BLUE,58,W,,1,,    738-22554-1   ,
Dye,36B-384,BLUE,230,W,,1,,    738-23306-1   ,
Dye,36B-401,GREEN,131,W,,1,,    726-23587-1   ,
Dye,36B-401,GREEN,189,W,,1,,    738-23463-1   ,
Dye,36B-481,BLUE,324,W,,1,,    726-15871-1   ,
Dye,36B-481,BLUE,197,W,,1,,    726-23419-1   ,
Dye,36B-481,BLUE,413,W,,1,,    738-19004-1   ,
Dye,36B-481,BLUE,230,W,,1,,    738-23306-1   ,
Dye,36B-819,GOLD,460,W,,1,,    726-22799-1   ,
Dye,36B-819,GOLD,449,W,,1,,    737F22890-1   ,
Dye,36B-819,GOLD,770,W,,1,,    738-22800-1   ,
Dye,36B-819,GOLD,66,W,,1,,    729J23714-1   ,
Dye,36B-822,BEIGE,214,W,,1,,    726-16082-1   ,
Dye,36B-822,BEIGE,160,W,,1,,    738-22554-1   ,
Dye,36B-A66,TAN,378,W,,1,,    726-19007-1   ,
Dye,36B-A66,TAN,397,W,,1,,    738-19443-1   ,
Dye,36B-D58,BROWN,252,W,,1,,    726-22799-1   ,
Dye,36B-D58,BROWN,247,W,,1,,    737F22890-1   ,
Dye,36B-D58,BROWN,420,W,,1,,    738-22800-1   ,
Dye,36B-D58,BROWN,35,W,,1,,    729J23714-1   ,
Dye,36B-G60,TAN,324,W,,1,,    726-22799-1   ,
Dye,36B-G60,TAN,317,W,,1,,    737F22890-1   ,
Dye,36B-G60,TAN,532,W,,1,,    738-22800-1   ,
Dye,36B-G60,TAN,46,W,,1,,    729J23714-1   ,
Dye,36F-102,BLACK,446,W,,1,,   7687A24331-1   ,
Dye,36F-157,RED,819,W,,1,,   7687A24331-1   ,
Dye,48E-039,TAN,53,W,,1,,   7625-24296-4   ,
Dye,48E-099,GREY,278,W,,1,,   7681A22591-3   ,
Dye,48E-140,NAVY,370,W,,1,,   7697A24058-1   ,
Dye,48E-140,NAVY,379,W,,1,,   7625-24231-1   ,
Dye,48E-140,NAVY,316,W,,1,,   7625-24232-1   ,
Dye,48E-140,NAVY,384,W,,1,,   7331A24127-1   ,
Dye,48E-140,NAVY,235,W,,1,,   7681A22591-3   ,
Dye,48E-144,TAN,268,W,,1,,   7625-24231-1   ,
Dye,48E-150,BROWN,19,W,,1,,   7331A24329-1   ,
Dye,48E-150,BROWN,282,W,,1,,   7331A24389-1   ,
Dye,48E-150,BROWN,65,W,,1,,   7625-24296-4   ,
Dye,48E-152,BLUE,162,W,,1,,   7625-23939-3   ,
Dye,48E-157,RED,120,W,,1,,   7625-24231-1   ,
Dye,48E-157,RED,316,W,,1,,   7625-24232-1   ,
Dye,48E-160,AQUA,409,W,,1,,   7331A24127-1   ,
Dye,48E-169,RED,621,W,,1,,   7331A24128-1   ,
Dye,48E-193,NAVY,336,W,,1,,   7527A24034-1   ,
Dye,48E-193,NAVY,778,W,,1,,   7625-24232-1   ,
Dye,48E-193,NAVY,235,W,,1,,   7681A22591-3   ,
Dye,48E-193,NAVY,65,W,,1,,   7625-24296-1   ,
Dye,48E-202,BROWN,296,W,,1,,   7331A24329-1   ,
Dye,48E-202,BROWN,114,W,,1,,   7331A24389-1   ,
Dye,48E-204,SLATE,98,W,,1,,   7331A24389-1   ,
Dye,48E-204,SLATE,336,W,,1,,   7625-24296-4   ,
Dye,48E-205,BROWN,296,W,,1,,   7331A24329-1   ,
Dye,48E-227,TAN,1762,W,,1,,   7601-18743-1   ,
Dye,48E-227,TAN,62,W,,1,,   7331A24389-1   ,
Dye,48E-286,BLUE,331,W,,1,,   7697A24058-1   ,
Dye,48E-286,BLUE,28,W,,1,,   7681A22591-3   ,
Dye,48E-295,DRAB,114,W,,1,,   7331A24389-1   ,
Dye,48E-298,TURQUOISE,84,W,,1,,   7625-23939-4   ,
Dye,48E-311,PEACH,84,W,,1,,   7625-23939-3   ,
Dye,48E-314,YELLOW,56,W,,1,,   7625-24306-1   ,
Dye,48E-314,YELLOW,60,W,,1,,   7625-24307-1   ,
Dye,48E-315,RED,56,W,,1,,   7625-24306-1   ,
Dye,48E-315,RED,216,W,,1,,   7625-24307-1   ,
Dye,48E-316,GREEN,56,W,,1,,   7625-24306-1   ,
Dye,48E-316,GREEN,246,W,,1,,   7625-24307-1   ,
Dye,48E-360,COPPER,112,W,,1,,   7697A24058-1   ,
Dye,48E-360,COPPER,53,W,,1,,   7625-24296-1   ,
Dye,48E-360,COPPER,41,W,,1,,   7625-24296-4   ,
Dye,48E-441,BLUE,98,W,,1,,   7697A24058-1   ,
Dye,48E-472,YELLOW,139,W,,1,,   7625-24232-1   ,
Dye,48E-529,COPPER,112,W,,1,,   7697A24058-1   ,
Dye,48E-543,BROWN,347,W,,1,,   7625-23939-1   ,
Dye,48E-543,BROWN,32,W,,1,,   7625-23939-4   ,
Dye,48E-620,GREEN,151,W,,1,,   7625-24296-1   ,
Dye,48E-727,MAROON,84,W,,1,,   7625-23939-1   ,
Dye,48E-727,MAROON,60,W,,1,,   7625-24296-1   ,
Dye,48E-814,GREEN,371,W,,1,,   7527A24034-1   ,
Dye,48E-814,GREEN,523,W,,1,,   7625-24231-1   ,
Dye,48E-827,BRONZE,37,W,,1,,   7625-22653-3   ,
Dye,48E-827,BRONZE,32,W,,1,,   7625-23939-3   ,
Dye,48E-827,BRONZE,230,W,,1,,   7625-24231-1   ,
Dye,48E-827,BRONZE,31,W,,1,,   7681A22591-3   ,
Dye,48E-834,BROWN,84,W,,1,,   7625-23939-2   ,
Dye,48E-933,TAUPE,5,W,,1,,   7625-22653-3   ,
Dye,48E-938,GREEN,32,W,,1,,   7625-23939-2   ,
Dye,48E-986,TURQUOISE,126,W,,1,,   7697A24058-1   ,
Dye,48E-A66,TAN,275,W,,1,,   7625-23570-5   ,
Dye,48E-A66,TAN,162,W,,1,,   7625-23939-2   ,
Dye,48E-A66,TAN,192,W,,1,,   7625-24231-1   ,
Dye,48E-A66,TAN,266,W,,1,,   7681A22591-3   ,
Dye,48E-A66,TAN,79,W,,1,,   7625-24296-1   ,
Dye,48E-A66,TAN,79,W,,1,,   7625-24296-4   ,
Dye,48E-B91,TAN,62,W,,1,,   7331A24389-1   ,
Dye,48E-D58,BROWN,32,W,,1,,   7625-23939-1   ,
Dye,48E-D58,BROWN,159,W,,1,,   7625-24231-1   ,
Dye,48E-D58,BROWN,316,W,,1,,   7625-24232-1   ,
Dye,48E-D58,BROWN,41,W,,1,,   7625-24296-1   ,
Dye,48E-F19,OLVIE,10,W,,1,,   7625-22653-3   ,
Dye,48E-K82,E ORANGE,62,W,,1,,   7331A24389-1   ,
Dye,72B-099,GREY,62,W,,1,,   7740-24012-1   ,
Dye,72B-099,GREY,33,W,,1,,   7740-24029-1   ,
Dye,72B-099,GREY,299,W,,1,,   7742-24170-1   ,
Dye,72B-102,BLACK,348,W,,1,,   7652-22008-1   ,
Dye,72B-102,BLACK,605,W,,1,,   7652-23580-1   ,
Dye,72B-102,BLACK,703,W,,1,,   7652-23580-2   ,
Dye,72B-102,BLACK,646,W,,1,,    783A24007-1   ,
Dye,72B-102,BLACK,292,W,,1,,    783A24008-1   ,
Dye,72B-102,BLACK,466,W,,1,,    783A24009-1   ,
Dye,72B-102,BLACK,122,W,,1,,   7652-23581-1   ,
Dye,72B-102,BLACK,1784,W,,1,,   7652-23582-1   ,
Dye,72B-102,BLACK,410,W,,1,,   7652-23883-1   ,
Dye,72B-102,BLACK,42,W,,1,,   7652-23888-1   ,
Dye,72B-102,BLACK,2328,W,,1,,   7652-24077-1   ,
Dye,72B-102,BLACK,36,W,,1,,   7742-24040-1   ,
Dye,72B-102,BLACK,324,W,,1,,   7740-23994-1   ,
Dye,72B-102,BLACK,35,W,,1,,   7740-23995-1   ,
Dye,72B-102,BLACK,64,W,,1,,   7740-24011-1   ,
Dye,72B-102,BLACK,244,W,,1,,   7740-24012-1   ,
Dye,72B-102,BLACK,359,W,,1,,   7742-24170-1   ,
Dye,72B-102,BLACK,3335,W,,1,,   7742-24170-2   ,
Dye,72B-102,BLACK,458,W,,1,,    783A24336-1   ,
Dye,72B-102,BLACK,91,W,,1,,    783A24337-1   ,
Dye,72B-102,BLACK,161,W,,1,,   7742-24021-1   ,
Dye,72B-102,BLACK,176,W,,1,,   7742-24443-1   ,
Dye,72B-112,BLUE,108,W,,1,,   7740-24029-1   ,
Dye,72B-112,BLUE,148,W,,1,,   7742-24021-1   ,
Dye,72B-140,NAVY,237,W,,1,,   7742-24019-1   ,
Dye,72B-140,NAVY,119,W,,1,,   7740-24015-1   ,
Dye,72B-140,NAVY,62,W,,1,,   7740-24029-1   ,
Dye,72B-140,NAVY,76,W,,1,,   7740-24030-1   ,
Dye,72B-148,NAVY,1424,W,,1,,   7652-23582-1   ,
Dye,72B-152,BLUE,688,W,,1,,   7652-23580-2   ,
Dye,72B-152,BLUE,516,W,,1,,   7652-23883-1   ,
Dye,72B-152,BLUE,29,W,,1,,   7652-24077-1   ,
Dye,72B-152,BLUE,134,W,,1,,   7740-24014-1   ,
Dye,72B-152,BLUE,118,W,,1,,   7740-24015-1   ,
Dye,72B-152,BLUE,376,W,,1,,   7742-24170-1   ,
Dye,72B-152,BLUE,44,W,,1,,   7742-24443-1   ,
Dye,72B-157,RED,323,W,,1,,    783A24008-1   ,
Dye,72B-157,RED,65,W,,1,,   7740-24011-1   ,
Dye,72B-157,RED,26,W,,1,,   7740-24030-1   ,
Dye,72B-157,RED,440,W,,1,,    783A24336-1   ,
Dye,72B-157,RED,138,W,,1,,   7742-24443-1   ,
Dye,72B-160,AQUA,40,W,,1,,   7740-24013-1   ,
Dye,72B-160,AQUA,138,W,,1,,   7742-24021-1   ,
Dye,72B-166,BLUE,19,W,,1,,   7652-23581-1   ,
Dye,72B-169,SCARLET,1533,W,,1,,   7652-23580-2   ,
Dye,72B-181,GOLD,19,W,,1,,    783A24336-1   ,
Dye,72B-181,GOLD,208,W,,1,,   7652-24268-1   ,
Dye,72B-183,RED,453,W,,1,,   7652-23580-1   ,
Dye,72B-188,MAROON,346,W,,1,,   7652-24269-1   ,
Dye,72B-193,NAVY,554,W,,1,,    783A24007-1   ,
Dye,72B-193,NAVY,297,W,,1,,   7740-23994-1   ,
Dye,72B-193,NAVY,94,W,,1,,   7740-24014-1   ,
Dye,72B-193,NAVY,54,W,,1,,   7740-24015-1   ,
Dye,72B-193,NAVY,551,W,,1,,    783A24338-1   ,
Dye,72B-202,BROWN,333,W,,1,,   7652-22384-1   ,
Dye,72B-202,BROWN,832,W,,1,,   7652-22833-1   ,
Dye,72B-202,BROWN,60,W,,1,,   7652-23921-1   ,
Dye,72B-202,BROWN,132,W,,1,,   7740-24011-1   ,
Dye,72B-202,BROWN,129,W,,1,,   7740-24013-1   ,
Dye,72B-202,BROWN,215,W,,1,,   7740-24029-1   ,
Dye,72B-205,BROWN,312,W,,1,,   7652-24268-1   ,
Dye,72B-205,BROWN,115,W,,1,,   7652-24269-1   ,
Dye,72B-237,GOLD,52,W,,1,,   7740-24030-1   ,
Dye,72B-273,GREY,1664,W,,1,,   7652-22833-1   ,
Dye,72B-273,GREY,83,W,,1,,   7740-24012-1   ,
Dye,72B-273,GREY,133,W,,1,,   7740-24014-1   ,
Dye,72B-273,GREY,3491,W,,1,,   7742-24170-2   ,
Dye,72B-286,BLUE,330,W,,1,,   7652-24268-1   ,
Dye,72B-289,ORANGE,53,W,,1,,   7652-24077-1   ,
Dye,72B-293,ORANGE,54,W,,1,,   7740-24015-1   ,
Dye,72B-295,DRAB,232,W,,1,,   7652-23921-1   ,
Dye,72B-295,DRAB,91,W,,1,,   7652-24077-1   ,
Dye,72B-298,TURQUOISE,6,W,,1,,    783A24009-1   ,
Dye,72B-298,TURQUOISE,77,W,,1,,   7652-23883-1   ,
Dye,72B-298,TURQUOISE,56,W,,1,,   7742-24019-1   ,
Dye,72B-298,TURQUOISE,4,W,,1,,   7740-24012-1   ,
Dye,72B-304,RED,363,W,,1,,   7742-24019-1   ,
Dye,72B-304,RED,128,W,,1,,   7740-24011-1   ,
Dye,72B-304,RED,22,W,,1,,   7740-24029-1   ,
Dye,72B-314,YELLOW,348,W,,1,,   7652-22008-1   ,
Dye,72B-314,YELLOW,43,W,,1,,   7652-24077-1   ,
Dye,72B-314,YELLOW,36,W,,1,,   7742-24040-1   ,
Dye,72B-314,YELLOW,11,W,,1,,   7740-23995-1   ,
Dye,72B-315,RED,348,W,,1,,   7652-22008-1   ,
Dye,72B-315,RED,72,W,,1,,   7652-24077-1   ,
Dye,72B-315,RED,36,W,,1,,   7742-24040-1   ,
Dye,72B-315,RED,34,W,,1,,   7740-23995-1   ,
Dye,72B-316,GREEN,348,W,,1,,   7652-22008-1   ,
Dye,72B-316,GREEN,526,W,,1,,   7652-23580-2   ,
Dye,72B-316,GREEN,76,W,,1,,   7652-23581-1   ,
Dye,72B-316,GREEN,1376,W,,1,,   7652-23582-1   ,
Dye,72B-316,GREEN,36,W,,1,,   7742-24040-1   ,
Dye,72B-316,GREEN,40,W,,1,,   7740-23995-1   ,
Dye,72B-318,BROWN,77,W,,1,,   7652-23883-1   ,
Dye,72B-318,BROWN,49,W,,1,,   7740-24030-1   ,
Dye,72B-318,BROWN,35,W,,1,,    783A24338-1   ,
Dye,72B-370,COPPER,96,W,,1,,   7740-24013-1   ,
Dye,72B-370,COPPER,210,W,,1,,   7652-24269-1   ,
Dye,72B-396,RED,31,W,,1,,   7740-24013-1   ,
Dye,72B-396,RED,112,W,,1,,   7740-24015-1   ,
Dye,72B-487,GREEN,36,W,,1,,   7740-24013-1   ,
Dye,72B-487,GREEN,283,W,,1,,   7652-24267-1   ,
Dye,72B-505,YELLOW,110,W,,1,,   7652-23580-2   ,
Dye,72B-518,PURPLE,376,W,,1,,   7652-23888-1   ,
Dye,72B-524,RED,512,W,,1,,   7652-22833-1   ,
Dye,72B-524,RED,93,W,,1,,   7652-23581-1   ,
Dye,72B-524,RED,268,W,,1,,   7652-23888-1   ,
Dye,72B-529,COPPER,215,W,,1,,   7742-24019-1   ,
Dye,72B-576,GREEN,53,W,,1,,   7740-24013-1   ,
Dye,72B-670,GREEN,632,W,,1,,    783A24007-1   ,
Dye,72B-670,GREEN,300,W,,1,,    783A24008-1   ,
Dye,72B-670,GREEN,553,W,,1,,   7652-23883-1   ,
Dye,72B-670,GREEN,287,W,,1,,   7740-23994-1   ,
Dye,72B-818,BLUE,316,W,,1,,   7652-23921-1   ,
Dye,72B-818,BLUE,68,W,,1,,   7740-24011-1   ,
Dye,72B-818,BLUE,103,W,,1,,    783A24338-1   ,
Dye,72B-837,TAN,1264,W,,1,,   7652-22833-1   ,
Dye,72B-837,TAN,41,W,,1,,   7740-24030-1   ,
Dye,72B-883,GREEN,189,W,,1,,   7740-24030-1   ,
Dye,72B-979,GOLD,136,W,,1,,   7652-22833-1   ,
Dye,72B-979,GOLD,95,W,,1,,   7652-23580-1   ,
Dye,72B-979,GOLD,8,W,,1,,    783A24009-1   ,
Dye,72B-979,GOLD,6,W,,1,,   7652-23581-1   ,
Dye,72B-979,GOLD,6,W,,1,,   7740-24012-1   ,
Dye,72B-979,GOLD,70,W,,1,,   7740-24013-1   ,
Dye,72B-979,GOLD,15,W,,1,,   7740-24029-1   ,
Dye,72B-979,GOLD,28,W,,1,,   7742-24443-1   ,
Dye,72B-A66,TAN,240,W,,1,,    783A24337-1   ,
Dye,72B-A66,TAN,71,W,,1,,   7652-24269-1   ,
Dye,72B-B91,TAN,20,W,,1,,   7742-24019-1   ,
Dye,72B-B91,TAN,216,W,,1,,   7652-24267-1   ,
Dye,72B-D58,BROWN,8,W,,1,,    783A24009-1   ,
Dye,72B-D58,BROWN,5,W,,1,,   7740-24012-1   ,
Dye,72B-D58,BROWN,28,W,,1,,   7740-24030-1   ,
Dye,72B-D58,BROWN,66,W,,1,,   7652-24268-1   ,
Dye,72B-J05,PURPLE,163,W,,1,,   7652-23883-1   ,
Dye,72B-J63,GREY,488,W,,1,,   7652-24078-1   ,
Dye,72B-J63,GREY,52,W,,1,,   7740-24012-1   ,
Dye,72B-J63,GREY,2769,W,,1,,   7742-24170-2   ,
Dye,80A-039,TAN,134,W,,1,,    513A24027-1   ,
Dye,80A-039,TAN,62,W,,1,,    542A24153-1   ,
Dye,80A-039,TAN,1018,W,,1,,    542A24100-1   ,
Dye,80A-084,MAROON,194,W,,1,,    542A23905-2   ,
Dye,80A-084,MAROON,341,W,,1,,    542A24091-1   ,
Dye,80A-099,GREY,191,W,,1,,    542A22944-2   ,
Dye,80A-099,GREY,202,W,,1,,    542A24039-1   ,
Dye,80A-099,GREY,44,W,,1,,    542A24153-1   ,
Dye,80A-099,GREY,341,W,,1,,    542A24276-1   ,
Dye,80A-099,GREY,223,W,,1,,    542A24276-2   ,
Dye,80A-099,GREY,171,W,,1,,    513A24294-1   ,
Dye,80A-099,GREY,22,W,,1,,    542A24282-3   ,
Dye,80A-099,GREY,48,W,,1,,    770A24328-1   ,
Dye,80A-099,GREY,48,W,,1,,    770A24328-2   ,
Dye,80A-099,GREY,71,W,,1,,    781A23749-2   ,
Dye,80A-099,GREY,195,W,,1,,    542A24384-2   ,
Dye,80A-099,GREY,203,W,,1,,    542A24471-1   ,
Dye,80A-102,BLACK,955,W,,1,,    542A23551-2   ,
Dye,80A-102,BLACK,1670,W,,1,,    542A23551-3   ,
Dye,80A-102,BLACK,748,W,,1,,    542A23367-2   ,
Dye,80A-102,BLACK,478,W,,1,,    542A23902-1   ,
Dye,80A-102,BLACK,999,W,,1,,    542A23906-1   ,
Dye,80A-102,BLACK,691,W,,1,,    542A23906-2   ,
Dye,80A-102,BLACK,2068,W,,1,,    542A23909-1   ,
Dye,80A-102,BLACK,356,W,,1,,    542A23912-1   ,
Dye,80A-102,BLACK,2712,W,,1,,    542A23915-1   ,
Dye,80A-102,BLACK,496,W,,1,,    542A23916-1   ,
Dye,80A-102,BLACK,3503,W,,1,,    542A14742-3   ,
Dye,80A-102,BLACK,1308,W,,1,,    542A23589-7   ,
Dye,80A-102,BLACK,2108,W,,1,,    542A21920-3   ,
Dye,80A-102,BLACK,472,W,,1,,    542A21920-4   ,
Dye,80A-102,BLACK,797,W,,1,,    784A23100-1   ,
Dye,80A-102,BLACK,622,W,,1,,    542A22820-3   ,
Dye,80A-102,BLACK,398,W,,1,,    490A24152-1   ,
Dye,80A-102,BLACK,482,W,,1,,    542A24100-2   ,
Dye,80A-102,BLACK,622,W,,1,,    542A24153-1   ,
Dye,80A-102,BLACK,188,W,,1,,    542A23905-2   ,
Dye,80A-102,BLACK,465,W,,1,,    542A24091-1   ,
Dye,80A-102,BLACK,666,W,,1,,    542A24093-1   ,
Dye,80A-102,BLACK,1092,W,,1,,    542A24099-1   ,
Dye,80A-102,BLACK,484,W,,1,,    542A24102-1   ,
Dye,80A-102,BLACK,233,W,,1,,    542A24271-1   ,
Dye,80A-102,BLACK,5,W,,1,,    542A24272-1   ,
Dye,80A-102,BLACK,72,W,,1,,    542A24273-1   ,
Dye,80A-102,BLACK,19,W,,1,,    542A24273-2   ,
Dye,80A-102,BLACK,576,W,,1,,    542A24275-1   ,
Dye,80A-102,BLACK,379,W,,1,,    542A24276-1   ,
Dye,80A-102,BLACK,1304,W,,1,,    542A24276-3   ,
Dye,80A-102,BLACK,22,W,,1,,    542A24278-1   ,
Dye,80A-102,BLACK,308,W,,1,,    542A24279-1   ,
Dye,80A-102,BLACK,185,W,,1,,    513A24291-1   ,
Dye,80A-102,BLACK,182,W,,1,,    513A24294-1   ,
Dye,80A-102,BLACK,572,W,,1,,    542A24281-1   ,
Dye,80A-102,BLACK,254,W,,1,,    542A24282-2   ,
Dye,80A-102,BLACK,448,W,,1,,    542A24282-3   ,
Dye,80A-102,BLACK,75,W,,1,,    542A24283-1   ,
Dye,80A-102,BLACK,128,W,,1,,    542A24285-1   ,
Dye,80A-102,BLACK,381,W,,1,,    542A24286-1   ,
Dye,80A-102,BLACK,514,W,,1,,    542A24288-1   ,
Dye,80A-102,BLACK,104,W,,1,,    770A24328-1   ,
Dye,80A-102,BLACK,104,W,,1,,    770A24328-2   ,
Dye,80A-102,BLACK,477,W,,1,,    542A23551-6   ,
Dye,80A-102,BLACK,507,W,,1,,    542A23551-7   ,
Dye,80A-102,BLACK,191,W,,1,,    542A22672-2   ,
Dye,80A-102,BLACK,393,W,,1,,    542A23589-1   ,
Dye,80A-102,BLACK,419,W,,1,,    513A24347-1   ,
Dye,80A-102,BLACK,183,W,,1,,    542A24378-1   ,
Dye,80A-102,BLACK,270,W,,1,,    542A24385-1   ,
Dye,80A-102,BLACK,34,W,,1,,    542A24501-1   ,
Dye,80A-102,BLACK,34,W,,1,,    542A24501-2   ,
Dye,80A-102,BLACK,320,W,,1,,    542A22818-3   ,
Dye,80A-102,BLACK,645,W,,1,,    542A24468-1   ,
Dye,80A-102,BLACK,200,W,,1,,    542A24467-2   ,
Dye,80A-102,BLACK,103,W,,1,,    542A24476-1   ,
Dye,80A-102,BLACK,221,W,,1,,    542A24471-1   ,
Dye,80A-102,BLACK,318,W,,1,,    542A24473-1   ,
Dye,80A-111,BLUE,223,W,,1,,    542A24386-1   ,
Dye,80A-112,BLUE,461,W,,1,,    542A23907-1   ,
Dye,80A-112,BLUE,1727,W,,1,,    542A23906-1   ,
Dye,80A-112,BLUE,165,W,,1,,    542A24274-1   ,
Dye,80A-112,BLUE,143,W,,1,,    542A24277-1   ,
Dye,80A-112,BLUE,83,W,,1,,    542A24282-2   ,
Dye,80A-130,SLATE,494,W,,1,,    542A24276-1   ,
Dye,80A-130,SLATE,274,W,,1,,    770A24328-1   ,
Dye,80A-130,SLATE,274,W,,1,,    770A24328-2   ,
Dye,80A-130,SLATE,449,W,,1,,    781A23749-2   ,
Dye,80A-136,RUST,563,W,,1,,    513A24027-1   ,
Dye,80A-140,NAVY,171,W,,1,,    542A23726-1   ,
Dye,80A-140,NAVY,370,W,,1,,    542A23907-1   ,
Dye,80A-140,NAVY,2162,W,,1,,    542A23908-1   ,
Dye,80A-140,NAVY,487,W,,1,,    542A23910-1   ,
Dye,80A-140,NAVY,285,W,,1,,    542A23917-1   ,
Dye,80A-140,NAVY,317,W,,1,,    781A23749-1   ,
Dye,80A-140,NAVY,413,W,,1,,    513A24072-1   ,
Dye,80A-140,NAVY,490,W,,1,,    542A24097-1   ,
Dye,80A-140,NAVY,260,W,,1,,    542A24276-2   ,
Dye,80A-140,NAVY,1696,W,,1,,    542A24276-3   ,
Dye,80A-140,NAVY,72,W,,1,,    542A24279-2   ,
Dye,80A-140,NAVY,162,W,,1,,    513A24291-1   ,
Dye,80A-140,NAVY,69,W,,1,,    513A24292-1   ,
Dye,80A-140,NAVY,304,W,,1,,    513A24293-1   ,
Dye,80A-140,NAVY,674,W,,1,,    542A24386-1   ,
Dye,80A-144,TAN,139,W,,1,,    542A23724-1   ,
Dye,80A-144,TAN,32,W,,1,,    542A24095-1   ,
Dye,80A-144,TAN,223,W,,1,,    542A24096-1   ,
Dye,80A-144,TAN,1267,W,,1,,    542A24103-1   ,
Dye,80A-144,TAN,476,W,,1,,    542A24270-1   ,
Dye,80A-144,TAN,118,W,,1,,    542A24273-2   ,
Dye,80A-144,TAN,24,W,,1,,    542A24279-1   ,
Dye,80A-144,TAN,103,W,,1,,    542A24279-2   ,
Dye,80A-144,TAN,280,W,,1,,    542A24470-1   ,
Dye,80A-145,TAN,115,W,,1,,    542A24384-2   ,
Dye,80A-146,GREY,150,W,,1,,    542A23724-2   ,
Dye,80A-146,GREY,48,W,,1,,    781A23749-1   ,
Dye,80A-146,GREY,26,W,,1,,    542A24286-1   ,
Dye,80A-146,GREY,46,W,,1,,    770A24328-2   ,
Dye,80A-146,GREY,115,W,,1,,    542A24384-1   ,
Dye,80A-146,GREY,223,W,,1,,    542A24386-1   ,
Dye,80A-146,GREY,219,W,,1,,    542A22050-3   ,
Dye,80A-148,NAVY,523,W,,1,,    542A23589-3   ,
Dye,80A-150,BROWN,28,W,,1,,    542A23552-1   ,
Dye,80A-150,BROWN,318,W,,1,,    542A23608-1   ,
Dye,80A-150,BROWN,174,W,,1,,    542A24282-1   ,
Dye,80A-150,BROWN,46,W,,1,,    770A24328-1   ,
Dye,80A-150,BROWN,327,W,,1,,    542A24432-1   ,
Dye,80A-150,BROWN,135,W,,1,,    542A24469-2   ,
Dye,80A-152,BLUE,194,W,,1,,    542A24095-2   ,
Dye,80A-152,BLUE,113,W,,1,,    542A24091-2   ,
Dye,80A-152,BLUE,666,W,,1,,    542A24093-1   ,
Dye,80A-152,BLUE,94,W,,1,,    542A24104-1   ,
Dye,80A-152,BLUE,1112,W,,1,,    542A24276-3   ,
Dye,80A-152,BLUE,282,W,,1,,    542A24280-2   ,
Dye,80A-152,BLUE,128,W,,1,,    542A24378-1   ,
Dye,80A-152,BLUE,80,W,,1,,    542A24384-1   ,
Dye,80A-153,RUST,357,W,,1,,    542A24274-1   ,
Dye,80A-153,RUST,298,W,,1,,    542A24276-1   ,
Dye,80A-153,RUST,197,W,,1,,    542A24279-1   ,
Dye,80A-153,RUST,266,W,,1,,    513A24292-1   ,
Dye,80A-153,RUST,659,W,,1,,    542A24285-2   ,
Dye,80A-153,RUST,176,W,,1,,    542A22049-3   ,
Dye,80A-153,RUST,203,W,,1,,    542A23172-3   ,
Dye,80A-157,RED,150,W,,1,,    542A23726-1   ,
Dye,80A-157,RED,2361,W,,1,,    542A23911-1   ,
Dye,80A-157,RED,495,W,,1,,    542A23902-1   ,
Dye,80A-157,RED,605,W,,1,,    542A23906-2   ,
Dye,80A-157,RED,68,W,,1,,    542A23912-1   ,
Dye,80A-157,RED,28,W,,1,,    542A23913-1   ,
Dye,80A-157,RED,234,W,,1,,    542A23914-1   ,
Dye,80A-157,RED,61,W,,1,,    542A23916-1   ,
Dye,80A-157,RED,98,W,,1,,    542A23917-1   ,
Dye,80A-157,RED,131,W,,1,,    542A24037-1   ,
Dye,80A-157,RED,336,W,,1,,    542A22820-3   ,
Dye,80A-157,RED,590,W,,1,,    542A24100-2   ,
Dye,80A-157,RED,515,W,,1,,    542A24153-1   ,
Dye,80A-157,RED,159,W,,1,,    542A23608-1   ,
Dye,80A-157,RED,194,W,,1,,    542A23905-2   ,
Dye,80A-157,RED,341,W,,1,,    542A24091-1   ,
Dye,80A-157,RED,82,W,,1,,    542A24271-1   ,
Dye,80A-157,RED,1048,W,,1,,    542A24275-1   ,
Dye,80A-157,RED,101,W,,1,,    542A24276-1   ,
Dye,80A-157,RED,274,W,,1,,    513A24290-1   ,
Dye,80A-157,RED,182,W,,1,,    513A24294-1   ,
Dye,80A-157,RED,594,W,,1,,    542A24281-1   ,
Dye,80A-157,RED,401,W,,1,,    542A24283-1   ,
Dye,80A-157,RED,223,W,,1,,    542A22672-2   ,
Dye,80A-157,RED,80,W,,1,,    542A24384-2   ,
Dye,80A-157,RED,227,W,,1,,    542A24501-2   ,
Dye,80A-157,RED,320,W,,1,,    542A22818-3   ,
Dye,80A-157,RED,238,W,,1,,    542A23551-8   ,
Dye,80A-158,BROWN,784,W,,1,,    542A24094-1   ,
Dye,80A-160,AQUA,369,W,,1,,    513A24464-1   ,
Dye,80A-162,BEIGE,191,W,,1,,    542A22944-2   ,
Dye,80A-166,BLUE,979,W,,1,,    542A23909-1   ,
Dye,80A-166,BLUE,487,W,,1,,    542A23910-1   ,
Dye,80A-166,BLUE,32,W,,1,,    542A23916-1   ,
Dye,80A-166,BLUE,1946,W,,1,,    542A18155-1   ,
Dye,80A-166,BLUE,2001,W,,1,,    542A21920-3   ,
Dye,80A-166,BLUE,168,W,,1,,    542A24276-3   ,
Dye,80A-166,BLUE,524,W,,1,,    542A24286-1   ,
Dye,80A-166,BLUE,414,W,,1,,    542A24386-1   ,
Dye,80A-169,SCARLET,326,W,,1,,    542A23589-3   ,
Dye,80A-169,SCARLET,816,W,,1,,    542A23589-7   ,
Dye,80A-169,SCARLET,105,W,,1,,    490A24152-1   ,
Dye,80A-169,SCARLET,194,W,,1,,    542A23905-2   ,
Dye,80A-169,SCARLET,159,W,,1,,    542A24476-1   ,
Dye,80A-180,BROWN,115,W,,1,,    542A24384-1   ,
Dye,80A-180,BROWN,115,W,,1,,    542A24384-2   ,
Dye,80A-181,GOLD,13,W,,1,,    542A24096-1   ,
Dye,80A-181,GOLD,223,W,,1,,    542A24098-1   ,
Dye,80A-181,GOLD,26,W,,1,,    542A24281-1   ,
Dye,80A-181,GOLD,34,W,,1,,    542A24286-1   ,
Dye,80A-181,GOLD,6,W,,1,,    542A24501-1   ,
Dye,80A-181,GOLD,6,W,,1,,    542A24501-2   ,
Dye,80A-188,MAROON,130,W,,1,,    513A23624-2   ,
Dye,80A-188,MAROON,1174,W,,1,,    542A24282-1   ,
Dye,80A-188,MAROON,181,W,,1,,    542A24289-1   ,
Dye,80A-188,MAROON,203,W,,1,,    542A23172-3   ,
Dye,80A-193,NAVY,230,W,,1,,    542A23910-1   ,
Dye,80A-193,NAVY,1820,W,,1,,    542A23914-1   ,
Dye,80A-193,NAVY,2863,W,,1,,    542A14742-3   ,
Dye,80A-193,NAVY,1372,W,,1,,    776A23351-2   ,
Dye,80A-193,NAVY,504,W,,1,,   7737A23676-4   ,
Dye,80A-193,NAVY,602,W,,1,,    542A24018-1   ,
Dye,80A-193,NAVY,366,W,,1,,    542A24028-1   ,
Dye,80A-193,NAVY,375,W,,1,,    542A24036-1   ,
Dye,80A-193,NAVY,131,W,,1,,    542A24037-1   ,
Dye,80A-193,NAVY,933,W,,1,,    542A22820-2   ,
Dye,80A-193,NAVY,5,W,,1,,    542A24272-1   ,
Dye,80A-193,NAVY,40,W,,1,,    542A24273-1   ,
Dye,80A-193,NAVY,106,W,,1,,    542A24274-1   ,
Dye,80A-193,NAVY,1386,W,,1,,    513A23624-2   ,
Dye,80A-193,NAVY,508,W,,1,,    542A24282-2   ,
Dye,80A-193,NAVY,1964,W,,1,,    542A24284-3   ,
Dye,80A-193,NAVY,234,W,,1,,    542A22516-1   ,
Dye,80A-193,NAVY,549,W,,1,,    776A23351-6   ,
Dye,80A-193,NAVY,190,W,,1,,    542A23549-1   ,
Dye,80A-202,BROWN,150,W,,1,,    542A23726-1   ,
Dye,80A-202,BROWN,1195,W,,1,,    542A23906-2   ,
Dye,80A-202,BROWN,64,W,,1,,    542A23913-1   ,
Dye,80A-202,BROWN,28,W,,1,,    542A23552-1   ,
Dye,80A-202,BROWN,235,W,,1,,    542A24091-1   ,
Dye,80A-202,BROWN,1018,W,,1,,    542A24100-1   ,
Dye,80A-202,BROWN,1065,W,,1,,    542A24103-1   ,
Dye,80A-202,BROWN,403,W,,1,,    542A24276-1   ,
Dye,80A-202,BROWN,103,W,,1,,    542A24277-1   ,
Dye,80A-202,BROWN,133,W,,1,,    513A24292-1   ,
Dye,80A-202,BROWN,171,W,,1,,    513A24294-1   ,
Dye,80A-202,BROWN,171,W,,1,,    542A24280-1   ,
Dye,80A-202,BROWN,413,W,,1,,    542A24280-2   ,
Dye,80A-202,BROWN,1571,W,,1,,    542A24284-2   ,
Dye,80A-202,BROWN,256,W,,1,,    542A24285-2   ,
Dye,80A-202,BROWN,262,W,,1,,    770A24328-1   ,
Dye,80A-204,SLATE,1140,W,,1,,    542A23915-1   ,
Dye,80A-204,SLATE,980,W,,1,,    542A24282-3   ,
Dye,80A-204,SLATE,83,W,,1,,    542A24384-1   ,
Dye,80A-204,SLATE,83,W,,1,,    542A24384-2   ,
Dye,80A-204,SLATE,165,W,,1,,    542A24420-1   ,
Dye,80A-204,SLATE,4,W,,1,,    542A24432-1   ,
Dye,80A-205,BROWN,1086,W,,1,,    542A24282-1   ,
Dye,80A-233,BLUE,23,W,,1,,    542A24274-1   ,
Dye,80A-233,BLUE,496,W,,1,,    542A24276-3   ,
Dye,80A-233,BLUE,109,W,,1,,    513A24291-1   ,
Dye,80A-237,GOLD,48,W,,1,,    542A23916-1   ,
Dye,80A-237,GOLD,213,W,,1,,    542A23917-1   ,
Dye,80A-237,GOLD,80,W,,1,,    542A24476-1   ,
Dye,80A-239,GREY,120,W,,1,,    513A24464-1   ,
Dye,80A-241,MAROON,250,W,,1,,    542A24279-2   ,
Dye,80A-241,MAROON,135,W,,1,,    542A24287-1   ,
Dye,80A-241,MAROON,301,W,,1,,    542A24018-2   ,
Dye,80A-263,BROWN,340,W,,1,,    542A24036-1   ,
Dye,80A-263,BROWN,137,W,,1,,    542A24037-1   ,
Dye,80A-263,BROWN,189,W,,1,,    542A24039-1   ,
Dye,80A-272,BROWN,173,W,,1,,   7743A21394-1   ,
Dye,80A-273,GREY,448,W,,1,,    542A21920-4   ,
Dye,80A-280,TAN,318,W,,1,,    542A23608-1   ,
Dye,80A-280,TAN,195,W,,1,,    542A24384-1   ,
Dye,80A-286,BLUE,234,W,,1,,    542A20986-10  ,
Dye,80A-286,BLUE,22,W,,1,,    542A23727-1   ,
Dye,80A-286,BLUE,1727,W,,1,,    542A23906-1   ,
Dye,80A-286,BLUE,624,W,,1,,    542A24099-2   ,
Dye,80A-286,BLUE,1246,W,,1,,    542A24100-1   ,
Dye,80A-286,BLUE,578,W,,1,,    542A24282-2   ,
Dye,80A-286,BLUE,262,W,,1,,    770A24328-2   ,
Dye,80A-286,BLUE,227,W,,1,,    542A24501-1   ,
Dye,80A-287,MAGNETA,171,W,,1,,    542A24038-1   ,
Dye,80A-289,ORANGE,45,W,,1,,    542A23916-1   ,
Dye,80A-293,ORANGE,230,W,,1,,    542A23910-1   ,
Dye,80A-295,DRAB,65,W,,1,,    542A23724-1   ,
Dye,80A-295,DRAB,1140,W,,1,,    542A23915-1   ,
Dye,80A-295,DRAB,1053,W,,1,,    542A23916-1   ,
Dye,80A-295,DRAB,490,W,,1,,    542A23916-2   ,
Dye,80A-295,DRAB,235,W,,1,,    542A24091-1   ,
Dye,80A-295,DRAB,194,W,,1,,    542A24095-1   ,
Dye,80A-295,DRAB,243,W,,1,,    542A24096-1   ,
Dye,80A-295,DRAB,2446,W,,1,,    542A24103-1   ,
Dye,80A-295,DRAB,496,W,,1,,    542A24270-1   ,
Dye,80A-295,DRAB,26,W,,1,,    542A24279-3   ,
Dye,80A-295,DRAB,182,W,,1,,    513A24294-1   ,
Dye,80A-295,DRAB,96,W,,1,,    542A24476-1   ,
Dye,80A-295,DRAB,286,W,,1,,    542A24470-1   ,
Dye,80A-298,TURQUOISE,68,W,,1,,    542A23903-1   ,
Dye,80A-298,TURQUOISE,30,W,,1,,    542A23916-2   ,
Dye,80A-298,TURQUOISE,113,W,,1,,    542A24091-2   ,
Dye,80A-298,TURQUOISE,337,W,,1,,    542A24098-1   ,
Dye,80A-298,TURQUOISE,665,W,,1,,    542A24099-2   ,
Dye,80A-298,TURQUOISE,157,W,,1,,    542A24102-1   ,
Dye,80A-298,TURQUOISE,73,W,,1,,    542A24284-2   ,
Dye,80A-298,TURQUOISE,80,W,,1,,    542A24384-1   ,
Dye,80A-298,TURQUOISE,211,W,,1,,    542A24501-2   ,
Dye,80A-299,RED,341,W,,1,,    542A24091-1   ,
Dye,80A-299,RED,112,W,,1,,    542A24097-1   ,
Dye,80A-304,RED,134,W,,1,,    542A23907-1   ,
Dye,80A-304,RED,1195,W,,1,,    542A23906-2   ,
Dye,80A-304,RED,131,W,,1,,    542A24037-1   ,
Dye,80A-304,RED,138,W,,1,,    542A24384-2   ,
Dye,80A-304,RED,365,W,,1,,    542A24420-1   ,
Dye,80A-304,RED,244,W,,1,,    542A24501-2   ,
Dye,80A-304,RED,203,W,,1,,    542A23172-3   ,
Dye,80A-311,PEACH,141,W,,1,,    513A24027-1   ,
Dye,80A-312,COPPER,78,W,,1,,    513A23624-2   ,
Dye,80A-312,COPPER,179,W,,1,,    513A24291-1   ,
Dye,80A-320,YELLOW,37,W,,1,,    542A23916-2   ,
Dye,80A-320,YELLOW,46,W,,1,,    542A24097-1   ,
Dye,80A-336,BLUE,37,W,,1,,    542A17712-1   ,
Dye,80A-360,COPPER,91,W,,1,,    542A23907-1   ,
Dye,80A-360,COPPER,67,W,,1,,    542A23903-1   ,
Dye,80A-360,COPPER,2,W,,1,,    542A23552-1   ,
Dye,80A-360,COPPER,171,W,,1,,    542A24038-1   ,
Dye,80A-360,COPPER,159,W,,1,,    542A23608-1   ,
Dye,80A-360,COPPER,172,W,,1,,    542A24271-1   ,
Dye,80A-360,COPPER,454,W,,1,,    513A24293-1   ,
Dye,80A-364,BURGANDY,61,W,,1,,    542A24274-1   ,
Dye,80A-370,COPPER,67,W,,1,,    542A23903-1   ,
Dye,80A-370,COPPER,188,W,,1,,    542A23905-2   ,
Dye,80A-370,COPPER,68,W,,1,,    542A24096-1   ,
Dye,80A-370,COPPER,29,W,,1,,    542A24098-1   ,
Dye,80A-370,COPPER,197,W,,1,,    542A24279-2   ,
Dye,80A-370,COPPER,171,W,,1,,    513A24294-1   ,
Dye,80A-370,COPPER,191,W,,1,,    542A24287-1   ,
Dye,80A-370,COPPER,111,W,,1,,    542A24289-1   ,
Dye,80A-370,COPPER,216,W,,1,,    542A24467-2   ,
Dye,80A-370,COPPER,109,W,,1,,    542A24469-2   ,
Dye,80A-384,BLUE,610,W,,1,,    542A24038-1   ,
Dye,80A-384,BLUE,171,W,,1,,    542A24039-1   ,
Dye,80A-390,BLUE,2,W,,1,,    542A23552-1   ,
Dye,80A-390,BLUE,562,W,,1,,    542A24386-1   ,
Dye,80A-390,BLUE,177,W,,1,,    542A24472-1   ,
Dye,80A-390,BLUE,176,W,,1,,    542A22049-3   ,
Dye,80A-390,BLUE,197,W,,1,,    542A24470-1   ,
Dye,80A-390,BLUE,30,W,,1,,    542A24478-1   ,
Dye,80A-395,BROWN,173,W,,1,,   7743A21394-1   ,
Dye,80A-395,BROWN,22,W,,1,,    490A24070-1   ,
Dye,80A-396,RED,487,W,,1,,    542A23910-1   ,
Dye,80A-396,RED,549,W,,1,,    776A23351-4   ,
Dye,80A-396,RED,171,W,,1,,   7743A21394-1   ,
Dye,80A-396,RED,1048,W,,1,,    542A24275-1   ,
Dye,80A-396,RED,24,W,,1,,    542A24279-2   ,
Dye,80A-396,RED,256,W,,1,,    513A24290-1   ,
Dye,80A-396,RED,11,W,,1,,    513A24291-1   ,
Dye,80A-396,RED,588,W,,1,,    542A24287-1   ,
Dye,80A-396,RED,121,W,,1,,    542A24420-1   ,
Dye,80A-396,RED,578,W,,1,,    542A24469-2   ,
Dye,80A-399,GREY,1659,W,,1,,    542A21920-3   ,
Dye,80A-399,GREY,48,W,,1,,    542A24273-1   ,
Dye,80A-399,GREY,19,W,,1,,    542A24273-2   ,
Dye,80A-399,GREY,99,W,,1,,    542A24276-2   ,
Dye,80A-399,GREY,238,W,,1,,    542A24283-1   ,
Dye,80A-399,GREY,12,W,,1,,    542A24472-1   ,
Dye,80A-399,GREY,128,W,,1,,    542A24476-1   ,
Dye,80A-401,GREEN,107,W,,1,,    542A23367-4   ,
Dye,80A-401,GREEN,392,W,,1,,    542A24479-1   ,
Dye,80A-417,GREEN,76,W,,1,,    542A24279-3   ,
Dye,80A-417,GREEN,413,W,,1,,    542A24280-1   ,
Dye,80A-417,GREEN,171,W,,1,,    542A24280-2   ,
Dye,80A-419,BLUE,229,W,,1,,    542A24097-1   ,
Dye,80A-419,BLUE,355,W,,1,,    542A24102-1   ,
Dye,80A-419,BLUE,145,W,,1,,    542A24104-1   ,
Dye,80A-447,BROWN,59,W,,1,,    490A24070-1   ,
Dye,80A-487,GREEN,1836,W,,1,,    542A18155-1   ,
Dye,80A-487,GREEN,191,W,,1,,    542A22944-2   ,
Dye,80A-487,GREEN,103,W,,1,,    542A24279-1   ,
Dye,80A-487,GREEN,143,W,,1,,    542A24468-1   ,
Dye,80A-510,TAN,188,W,,1,,    542A24273-1   ,
Dye,80A-510,TAN,22,W,,1,,    542A24278-1   ,
Dye,80A-520,GREEN,78,W,,1,,    542A24091-2   ,
Dye,80A-531,BLUE,113,W,,1,,    542A24091-2   ,
Dye,80A-531,BLUE,666,W,,1,,    542A24093-1   ,
Dye,80A-543,BROWN,136,W,,1,,    542A24273-1   ,
Dye,80A-543,BROWN,147,W,,1,,    770A24328-2   ,
Dye,80A-543,BROWN,62,W,,1,,    542A24289-1   ,
Dye,80A-576,GREEN,420,W,,1,,    542A24271-1   ,
Dye,80A-576,GREEN,265,W,,1,,    542A24279-3   ,
Dye,80A-576,GREEN,87,W,,1,,    542A24280-2   ,
Dye,80A-576,GREEN,92,W,,1,,    542A24284-1   ,
Dye,80A-576,GREEN,211,W,,1,,    542A24501-1   ,
Dye,80A-620,GREEN,608,W,,1,,    542A24094-1   ,
Dye,80A-620,GREEN,371,W,,1,,    542A24095-1   ,
Dye,80A-620,GREEN,114,W,,1,,    542A23367-4   ,
Dye,80A-620,GREEN,80,W,,1,,    542A22049-3   ,
Dye,80A-620,GREEN,456,W,,1,,    542A24474-1   ,
Dye,80A-651,ORANGE,7,W,,1,,    542A23726-1   ,
Dye,80A-651,ORANGE,24,W,,1,,    542A23916-2   ,
Dye,80A-670,GREEN,816,W,,1,,    542A23904-1   ,
Dye,80A-670,GREEN,461,W,,1,,    542A23902-1   ,
Dye,80A-670,GREEN,1132,W,,1,,    542A23912-1   ,
Dye,80A-670,GREEN,26,W,,1,,    542A23552-1   ,
Dye,80A-670,GREEN,328,W,,1,,    542A24279-3   ,
Dye,80A-670,GREEN,50,W,,1,,    542A24286-1   ,
Dye,80A-800,BROWN,777,W,,1,,    542A23904-1   ,
Dye,80A-800,BROWN,493,W,,1,,   7738A23997-1   ,
Dye,80A-800,BROWN,171,W,,1,,   7743A21394-1   ,
Dye,80A-800,BROWN,197,W,,1,,    542A23172-3   ,
Dye,80A-814,GREEN,3183,W,,1,,    542A14742-3   ,
Dye,80A-814,GREEN,162,W,,1,,    542A24095-1   ,
Dye,80A-814,GREEN,209,W,,1,,    542A24279-3   ,
Dye,80A-818,BLUE,65,W,,1,,    542A23724-2   ,
Dye,80A-818,BLUE,605,W,,1,,    542A23906-2   ,
Dye,80A-818,BLUE,62,W,,1,,    542A23913-1   ,
Dye,80A-818,BLUE,51,W,,1,,    781A23749-1   ,
Dye,80A-818,BLUE,134,W,,1,,    513A24027-1   ,
Dye,80A-818,BLUE,107,W,,1,,    542A24037-1   ,
Dye,80A-818,BLUE,16,W,,1,,    542A23916-2   ,
Dye,80A-818,BLUE,155,W,,1,,    542A24091-2   ,
Dye,80A-818,BLUE,605,W,,1,,    542A24093-1   ,
Dye,80A-818,BLUE,1246,W,,1,,    542A24100-1   ,
Dye,80A-818,BLUE,314,W,,1,,    542A24102-1   ,
Dye,80A-818,BLUE,84,W,,1,,    542A24273-1   ,
Dye,80A-818,BLUE,72,W,,1,,    542A24279-1   ,
Dye,80A-818,BLUE,320,W,,1,,    542A24284-3   ,
Dye,80A-818,BLUE,48,W,,1,,    513A24347-1   ,
Dye,80A-818,BLUE,89,W,,1,,    542A24420-1   ,
Dye,80A-818,BLUE,26,W,,1,,    542A24432-1   ,
Dye,80A-818,BLUE,110,W,,1,,    542A22050-3   ,
Dye,80A-827,BRONZE,173,W,,1,,    542A23917-1   ,
Dye,80A-827,BRONZE,340,W,,1,,    542A24036-1   ,
Dye,80A-827,BRONZE,92,W,,1,,    513A24072-1   ,
Dye,80A-827,BRONZE,194,W,,1,,    542A24095-2   ,
Dye,80A-827,BRONZE,504,W,,1,,    542A22820-2   ,
Dye,80A-827,BRONZE,57,W,,1,,    542A24274-1   ,
Dye,80A-827,BRONZE,28,W,,1,,    513A24290-1   ,
Dye,80A-827,BRONZE,128,W,,1,,    513A24291-1   ,
Dye,80A-827,BRONZE,530,W,,1,,    513A24292-1   ,
Dye,80A-827,BRONZE,282,W,,1,,    542A24280-1   ,
Dye,80A-827,BRONZE,576,W,,1,,    542A24282-1   ,
Dye,80A-827,BRONZE,92,W,,1,,    542A24284-3   ,
Dye,80A-827,BRONZE,422,W,,1,,    781A23749-3   ,
Dye,80A-827,BRONZE,54,W,,1,,    513A24347-1   ,
Dye,80A-827,BRONZE,16,W,,1,,    542A24378-1   ,
Dye,80A-834,BROWN,26,W,,1,,    542A23552-1   ,
Dye,80A-834,BROWN,355,W,,1,,    542A24285-2   ,
Dye,80A-834,BROWN,4,W,,1,,    542A24432-1   ,
Dye,80A-840,GREEN,256,W,,1,,    542A24104-1   ,
Dye,80A-883,GREEN,873,W,,1,,    542A23906-1   ,
Dye,80A-883,GREEN,1826,W,,1,,    542A23908-1   ,
Dye,80A-883,GREEN,356,W,,1,,    542A23912-1   ,
Dye,80A-883,GREEN,74,W,,1,,    542A23913-1   ,
Dye,80A-883,GREEN,620,W,,1,,    542A23914-1   ,
Dye,80A-883,GREEN,386,W,,1,,    542A23917-1   ,
Dye,80A-883,GREEN,109,W,,1,,    542A24279-3   ,
Dye,80A-883,GREEN,64,W,,1,,    513A24292-1   ,
Dye,80A-883,GREEN,227,W,,1,,    513A24293-1   ,
Dye,80A-883,GREEN,534,W,,1,,    542A24282-2   ,
Dye,80A-883,GREEN,472,W,,1,,    542A24474-1   ,
Dye,80A-923,BLUE,32,W,,1,,    542A24095-2   ,
Dye,80A-923,BLUE,177,W,,1,,    542A24472-1   ,
Dye,80A-935,TAN,46,W,,1,,    490A24070-1   ,
Dye,80A-938,GREEN,852,W,,1,,    542A23908-1   ,
Dye,80A-938,GREEN,30,W,,1,,    542A24282-1   ,
Dye,80A-979,GOLD,6,W,,1,,    542A23913-1   ,
Dye,80A-979,GOLD,476,W,,1,,    542A24270-1   ,
Dye,80A-979,GOLD,40,W,,1,,    542A24271-1   ,
Dye,80A-979,GOLD,28,W,,1,,    513A24290-1   ,
Dye,80A-979,GOLD,75,W,,1,,    513A24293-1   ,
Dye,80A-979,GOLD,147,W,,1,,    770A24328-1   ,
Dye,80A-979,GOLD,40,W,,1,,    513A24464-1   ,
Dye,80A-979,GOLD,214,W,,1,,    542A22050-3   ,
Dye,80A-986,TURQUOISE,873,W,,1,,    542A23906-1   ,
Dye,80A-986,TURQUOISE,979,W,,1,,    542A23909-1   ,
Dye,80A-986,TURQUOISE,26,W,,1,,    513A24072-1   ,
Dye,80A-986,TURQUOISE,184,W,,1,,    542A24274-1   ,
Dye,80A-986,TURQUOISE,14,W,,1,,    542A24282-2   ,
Dye,80A-986,TURQUOISE,256,W,,1,,    542A24284-2   ,
Dye,80A-986,TURQUOISE,58,W,,1,,    542A24384-1   ,
Dye,80A-986,TURQUOISE,346,W,,1,,    542A23549-1   ,
Dye,80A-986,TURQUOISE,72,W,,1,,    542A24468-1   ,
Dye,80A-986,TURQUOISE,262,W,,1,,    542A24474-1   ,
Dye,80A-A66,TAN,107,W,,1,,    542A23724-1   ,
Dye,80A-A66,TAN,107,W,,1,,    542A23724-2   ,
Dye,80A-A66,TAN,48,W,,1,,    542A23904-1   ,
Dye,80A-A66,TAN,99,W,,1,,    542A23916-1   ,
Dye,80A-A66,TAN,159,W,,1,,    542A23917-1   ,
Dye,80A-A66,TAN,89,W,,1,,    513A24027-1   ,
Dye,80A-A66,TAN,36,W,,1,,    542A24036-1   ,
Dye,80A-A66,TAN,189,W,,1,,    542A24039-1   ,
Dye,80A-A66,TAN,530,W,,1,,    513A24072-1   ,
Dye,80A-A66,TAN,125,W,,1,,    542A24091-1   ,
Dye,80A-A66,TAN,442,W,,1,,    542A24102-1   ,
Dye,80A-A66,TAN,458,W,,1,,    542A24103-1   ,
Dye,80A-A66,TAN,458,W,,1,,    542A24270-1   ,
Dye,80A-A66,TAN,330,W,,1,,    542A24285-1   ,
Dye,80A-A66,TAN,40,W,,1,,    542A24287-1   ,
Dye,80A-A66,TAN,94,W,,1,,    770A24328-1   ,
Dye,80A-A66,TAN,94,W,,1,,    770A24328-2   ,
Dye,80A-A66,TAN,211,W,,1,,    542A24420-1   ,
Dye,80A-A66,TAN,37,W,,1,,    542A24289-1   ,
Dye,80A-A66,TAN,316,W,,1,,    542A22818-3   ,
Dye,80A-A66,TAN,214,W,,1,,    542A24471-1   ,
Dye,80A-A66,TAN,67,W,,1,,    542A24469-2   ,
Dye,80A-A72,GREEN,157,W,,1,,    542A24102-1   ,
Dye,80A-AD3,ORANGE,37,W,,1,,    542A23916-2   ,
Dye,80A-AD3,ORANGE,77,W,,1,,    542A24097-1   ,
Dye,80A-AD3,ORANGE,13,W,,1,,    542A24098-1   ,
Dye,80A-AD4,GREEN,22,W,,1,,    542A23916-2   ,
Dye,80A-AD4,GREEN,608,W,,1,,    542A24094-1   ,
Dye,80A-AD4,GREEN,16,W,,1,,    542A24098-1   ,
Dye,80A-B02,SEABREEZE,8,W,,1,,    542A23727-1   ,
Dye,80A-B02,SEABREEZE,78,W,,1,,    542A24091-2   ,
Dye,80A-B02,SEABREEZE,21,W,,1,,    542A24104-1   ,
Dye,80A-B52,GREY,173,W,,1,,    542A22049-3   ,
Dye,80A-B52,GREY,245,W,,1,,    542A24478-1   ,
Dye,80A-B59,YELLOW,590,W,,1,,    542A24100-2   ,
Dye,80A-B59,YELLOW,238,W,,1,,    542A22050-3   ,
Dye,80A-B91,TAN,248,W,,1,,    542A23916-2   ,
Dye,80A-B91,TAN,406,W,,1,,    542A24096-1   ,
Dye,80A-B91,TAN,337,W,,1,,    542A24098-1   ,
Dye,80A-B91,TAN,67,W,,1,,    542A24104-1   ,
Dye,80A-B91,TAN,150,W,,1,,    542A24272-1   ,
Dye,80A-B91,TAN,87,W,,1,,    542A24280-1   ,
Dye,80A-B91,TAN,190,W,,1,,    542A24470-1   ,
Dye,80A-D58,BROWN,113,W,,1,,    542A23917-1   ,
Dye,80A-D58,BROWN,173,W,,1,,    542A22049-3   ,
Dye,80A-D58,BROWN,13,W,,1,,    542A24478-1   ,
Dye,80A-E77,BLUE,77,W,,1,,    542A24272-1   ,
Dye,80A-E77,BLUE,648,W,,1,,    542A24273-1   ,
Dye,80A-E93,BLUE,191,W,,1,,    542A22944-2   ,
Dye,80A-F19,OLIVE,1826,W,,1,,    542A23908-1   ,
Dye,80A-F31,TEAL,245,W,,1,,    542A20986-10  ,
Dye,80A-G21,GREEN,50,W,,1,,    542A23916-2   ,
Dye,80A-G21,GREEN,264,W,,1,,    542A24091-2   ,
Dye,80A-G21,GREEN,243,W,,1,,    542A24104-1   ,
Dye,80A-H42,BLUE,42,W,,1,,    542A22516-1   ,
Dye,80A-H92,TURQUOISE,624,W,,1,,    542A24099-2   ,
Dye,80A-J63,GREY,372,W,,1,,    542A21920-4   ,
Dye,80A-J63,GREY,1165,W,,1,,    542A24099-1   ,
Dye,80A-J63,GREY,480,W,,1,,    542A24275-1   ,
Dye,80A-J63,GREY,34,W,,1,,    542A24276-2   ,
Dye,80A-J63,GREY,134,W,,1,,    542A24282-3   ,
Dye,80A-J63,GREY,48,W,,1,,    770A24328-1   ,
Dye,80A-J63,GREY,48,W,,1,,    770A24328-2   ,
Dye,80A-K12,BLUE,202,W,,1,,    542A24039-1   ,
Dye,80A-K12,BLUE,64,W,,1,,    542A24469-2   ,
Dye,80A-K12,BLUE,88,W,,1,,    542A24478-1   ,
Dye,96F-099,GREY,86,W,,1,,    775A23920-1   ,
Dye,96F-099,GREY,127,W,,1,,    775A24122-1   ,
Dye,96F-102,BLACK,925,W,,1,,    775A24054-1   ,
Dye,96F-102,BLACK,896,W,,1,,    775A24140-1   ,
Dye,96F-102,BLACK,635,W,,1,,    775A24348-1   ,
Dye,96F-102,BLACK,270,W,,1,,    775A24507-1   ,
Dye,96F-102,BLACK,152,W,,1,,    775A24511-1   ,
Dye,96F-140,NAVY,435,W,,1,,    775A24315-1   ,
Dye,96F-140,NAVY,216,W,,1,,    775A24415-1   ,
Dye,96F-140,NAVY,315,W,,1,,    775A24507-1   ,
Dye,96F-144,TAN,183,W,,1,,    775A24122-4   ,
Dye,96F-144,TAN,34,W,,1,,    775A24415-2   ,
Dye,96F-144,TAN,328,W,,1,,    775A24486-2   ,
Dye,96F-146,GREY,319,W,,1,,    775A24139-1   ,
Dye,96F-146,GREY,120,W,,1,,    775A24122-3   ,
Dye,96F-146,GREY,114,W,,1,,    775A24415-1   ,
Dye,96F-152,BLUE,256,W,,1,,    775A23920-3   ,
Dye,96F-152,BLUE,59,W,,1,,    775A24140-1   ,
Dye,96F-152,BLUE,34,W,,1,,    775A24511-1   ,
Dye,96F-158,TAN,521,W,,1,,    775A24054-1   ,
Dye,96F-158,TAN,34,W,,1,,    775A24415-1   ,
Dye,96F-158,TAN,184,W,,1,,    775A24415-2   ,
Dye,96F-167,GREEN,1072,W,,1,,    775A24055-1   ,
Dye,96F-167,GREEN,207,W,,1,,    775A24140-1   ,
Dye,96F-167,GREEN,30,W,,1,,    775A24417-1   ,
Dye,96F-169,SCARLET,285,W,,1,,    775A24140-1   ,
Dye,96F-169,SCARLET,512,W,,1,,    775A24511-1   ,
Dye,96F-181,GOLD,172,W,,1,,    775A24139-2   ,
Dye,96F-183,RED,130,W,,1,,    775A23920-2   ,
Dye,96F-183,RED,435,W,,1,,    775A24315-2   ,
Dye,96F-188,MAROON,86,W,,1,,    775A23920-2   ,
Dye,96F-188,MAROON,232,W,,1,,    775A24418-1   ,
Dye,96F-193,NAVY,256,W,,1,,    775A23920-3   ,
Dye,96F-193,NAVY,178,W,,1,,    775A24362-1   ,
Dye,96F-193,NAVY,418,W,,1,,    775A24417-1   ,
Dye,96F-193,NAVY,418,W,,1,,    775A24417-2   ,
Dye,96F-202,BROWN,86,W,,1,,    775A23920-1   ,
Dye,96F-202,BROWN,86,W,,1,,    775A23920-2   ,
Dye,96F-202,BROWN,122,W,,1,,    775A24054-1   ,
Dye,96F-202,BROWN,178,W,,1,,    775A24362-2   ,
Dye,96F-202,BROWN,435,W,,1,,    775A24315-3   ,
Dye,96F-202,BROWN,34,W,,1,,    775A24415-2   ,
Dye,96F-204,SLATE,143,W,,1,,    775A23920-1   ,
Dye,96F-204,SLATE,143,W,,1,,    775A23920-2   ,
Dye,96F-204,SLATE,430,W,,1,,    775A23920-3   ,
Dye,96F-204,SLATE,388,W,,1,,    775A24122-1   ,
Dye,96F-204,SLATE,184,W,,1,,    775A24415-1   ,
Dye,96F-280,TAN,59,W,,1,,    775A24362-2   ,
Dye,96F-280,TAN,179,W,,1,,    775A24419-1   ,
Dye,96F-286,BLUE,445,W,,1,,    775A24055-1   ,
Dye,96F-286,BLUE,59,W,,1,,    775A24362-1   ,
Dye,96F-286,BLUE,122,W,,1,,    775A24417-2   ,
Dye,96F-312,COPPER,122,W,,1,,    775A24417-1   ,
Dye,96F-312,COPPER,285,W,,1,,    775A24418-1   ,
Dye,96F-320,YELLOW,182,W,,1,,    775A24139-2   ,
Dye,96F-320,YELLOW,40,W,,1,,    775A24140-1   ,
Dye,96F-321,GOLD,60,W,,1,,    775A24122-4   ,
Dye,96F-321,GOLD,22,W,,1,,    775A24511-1   ,
Dye,96F-370,COPPER,454,W,,1,,    775A23388-4   ,
Dye,96F-370,COPPER,59,W,,1,,    775A24362-3   ,
Dye,96F-390,BLUE,389,W,,1,,    775A23920-3   ,
Dye,96F-390,BLUE,365,W,,1,,    775A24122-3   ,
Dye,96F-390,BLUE,243,W,,1,,    775A24415-1   ,
Dye,96F-390,BLUE,328,W,,1,,    775A24486-1   ,
Dye,96F-396,RED,416,W,,1,,    775A23388-4   ,
Dye,96F-396,RED,178,W,,1,,    775A24362-3   ,
Dye,96F-487,GREEN,122,W,,1,,    775A24417-2   ,
Dye,96F-529,COPPER,159,W,,1,,    775A24417-1   ,
Dye,96F-670,GREEN,286,W,,1,,    775A24507-1   ,
Dye,96F-670,GREEN,118,W,,1,,    775A24511-1   ,
Dye,96F-820,ORANGE,122,W,,1,,    775A24417-1   ,
Dye,96F-827,BRONZE,34,W,,1,,    775A24418-1   ,
Dye,96F-883,GREEN,102,W,,1,,    775A24418-1   ,
Dye,96F-886,GOLD,300,W,,1,,    775A24139-1   ,
Dye,96F-986,TURQUOISE,159,W,,1,,    775A24417-2   ,
Dye,96F-A66,TAN,249,W,,1,,    775A24055-1   ,
Dye,96F-A66,TAN,172,W,,1,,    775A24139-2   ,
Dye,96F-A66,TAN,77,W,,1,,    775A24415-1   ,
Dye,96F-A66,TAN,77,W,,1,,    775A24415-2   ,
Dye,96F-A66,TAN,30,W,,1,,    775A24417-1   ,
Dye,96F-B51,GREEN,183,W,,1,,    775A24122-2   ,
Dye,96F-B51,GREEN,216,W,,1,,    775A24415-2   ,
Dye,96F-B51,GREEN,30,W,,1,,    775A24417-2   ,
Dye,96F-B91,TAN,300,W,,1,,    775A24139-1   ,
Dye,96F-B91,TAN,172,W,,1,,    775A24139-2   ,
Dye,96F-B91,TAN,96,W,,1,,    775A24415-2   ,
Dye,96F-B91,TAN,200,W,,1,,    775A24419-1   ,
Dye,96F-F48,GREEN,60,W,,1,,    775A24122-2   ,
Dye,96F-F48,GREEN,227,W,,1,,    775A24415-2   ,
Dye,96F-J63,GREY,130,W,,1,,    775A23920-1   ,
Dye,96F-J63,GREY,300,W,,1,,    775A24139-1   ,
Dye,96F-J63,GREY,259,W,,1,,    775A24122-1   ,
Dye,96F-J63,GREY,122,W,,1,,    775A24122-2   ,
Dye,96F-J63,GREY,244,W,,1,,    775A24122-3   ,
Dye,96F-J63,GREY,122,W,,1,,    775A24122-4   ,
Dye,96F-J63,GREY,30,W,,1,,    775A24417-2   ,
Dye,P22-141,BLACK,57,W,,1,,    618A23843-1   ,
Dye,P22-141,BLACK,870,W,,1,,    618A23843-2   ,
Dye,P22-141,BLACK,685,W,,1,,    435A23483-2   ,
Dye,P22-193,NAVY,685,W,,1,,    435A23483-1   ,
Dye,P22-204,SLATE,20,W,,1,,    759A23778-1   ,
Dye,P22-396,RED,685,W,,1,,    435A23483-3   ,
Dye,P22-A66,TAN,507,W,,1,,    435A23483-2   ,
Dye,P22-A66,TAN,507,W,,1,,    435A23483-3   ,
Dye,PE5-039,CAMEL,347,W,,1,,    785A24423-1   ,
Dye,PE5-039,CAMEL,46,W,,1,,    641A24488-1   ,
Dye,PE5-056,COPPER,14,W,,1,,    747A24344-1   ,
Dye,PE5-059,TAN,6,W,,1,,    496A24495-1   ,
Dye,PE5-060,TAN,38,W,,1,,    641A24488-1   ,
Dye,PE5-060,TAN,7,W,,1,,    496A24495-1   ,
Dye,PE5-099,GREY,80,W,,1,,    641A24108-1   ,
Dye,PE5-099,GREY,57,W,,1,,    747A24343-1   ,
Dye,PE5-099,GREY,43,W,,1,,    495A24355-1   ,
Dye,PE5-112,BLUE,43,W,,1,,    642A24340-1   ,
Dye,PE5-112,BLUE,188,W,,1,,    747A24343-1   ,
Dye,PE5-112,BLUE,117,W,,1,,    641A24487-1   ,
Dye,PE5-140,NAVY,93,W,,1,,    641A23783-1   ,
Dye,PE5-140,NAVY,107,W,,1,,    641A23930-1   ,
Dye,PE5-140,NAVY,432,W,,1,,    497A24056-1   ,
Dye,PE5-140,NAVY,110,W,,1,,    641A16559-3   ,
Dye,PE5-140,NAVY,142,W,,1,,    642A23804-1   ,
Dye,PE5-140,NAVY,287,W,,1,,    641A24188-1   ,
Dye,PE5-140,NAVY,22,W,,1,,    641A24244-1   ,
Dye,PE5-140,NAVY,175,W,,1,,    641A24339-1   ,
Dye,PE5-140,NAVY,180,W,,1,,    747A24344-1   ,
Dye,PE5-140,NAVY,42,W,,1,,    496A24495-1   ,
Dye,PE5-141,BLACK,351,W,,1,,    642A23842-1   ,
Dye,PE5-141,BLACK,29,W,,1,,    641A23783-1   ,
Dye,PE5-141,BLACK,547,W,,1,,    641A23928-1   ,
Dye,PE5-141,BLACK,806,W,,1,,    497A24031-1   ,
Dye,PE5-141,BLACK,203,W,,1,,    642A24046-1   ,
Dye,PE5-141,BLACK,408,W,,1,,    491A24073-1   ,
Dye,PE5-141,BLACK,213,W,,1,,    491A24074-1   ,
Dye,PE5-141,BLACK,534,W,,1,,    642A24130-2   ,
Dye,PE5-141,BLACK,185,W,,1,,    641A23634-6   ,
Dye,PE5-141,BLACK,314,W,,1,,    642A24154-1   ,
Dye,PE5-141,BLACK,470,W,,1,,    642A24155-1   ,
Dye,PE5-141,BLACK,314,W,,1,,    642A23068-1   ,
Dye,PE5-141,BLACK,136,W,,1,,    641A16559-3   ,
Dye,PE5-141,BLACK,85,W,,1,,    641A24107-1   ,
Dye,PE5-141,BLACK,70,W,,1,,    641A24108-1   ,
Dye,PE5-141,BLACK,266,W,,1,,    641A24187-1   ,
Dye,PE5-141,BLACK,1000,W,,1,,    641A24244-1   ,
Dye,PE5-141,BLACK,175,W,,1,,    641A24339-1   ,
Dye,PE5-141,BLACK,182,W,,1,,    747A24345-1   ,
Dye,PE5-141,BLACK,253,W,,1,,    641A16367-1   ,
Dye,PE5-141,BLACK,117,W,,1,,    495A24355-1   ,
Dye,PE5-141,BLACK,96,W,,1,,    641A24363-1   ,
Dye,PE5-141,BLACK,168,W,,1,,    642A24368-1   ,
Dye,PE5-141,BLACK,43,W,,1,,    642A24421-1   ,
Dye,PE5-141,BLACK,592,W,,1,,    785A24423-1   ,
Dye,PE5-141,BLACK,115,W,,1,,    309A24352-1   ,
Dye,PE5-141,BLACK,588,W,,1,,    642A24497-1   ,
Dye,PE5-141,BLACK,47,W,,1,,    747A24491-1   ,
Dye,PE5-141,BLACK,60,W,,1,,    641A24487-1   ,
Dye,PE5-141,BLACK,188,W,,1,,    496A24494-1   ,
Dye,PE5-144,TAN,5,W,,1,,    641A23929-1   ,
Dye,PE5-144,TAN,85,W,,1,,    641A24107-1   ,
Dye,PE5-146,GREY,46,W,,1,,    641A24488-1   ,
Dye,PE5-148,NAVY,350,W,,1,,    642A23068-1   ,
Dye,PE5-150,BROWN,21,W,,1,,    641A23928-1   ,
Dye,PE5-150,BROWN,231,W,,1,,    641A23930-1   ,
Dye,PE5-152,BLUE,30,W,,1,,    642A24155-1   ,
Dye,PE5-152,BLUE,128,W,,1,,    747A24344-1   ,
Dye,PE5-157,RED,8,W,,1,,    641A23783-1   ,
Dye,PE5-157,RED,284,W,,1,,    642A24130-2   ,
Dye,PE5-157,RED,154,W,,1,,    642A24155-1   ,
Dye,PE5-157,RED,60,W,,1,,    641A23741-2   ,
Dye,PE5-157,RED,93,W,,1,,    641A24107-1   ,
Dye,PE5-157,RED,285,W,,1,,    641A20467-2   ,
Dye,PE5-157,RED,110,W,,1,,    747A24492-1   ,
Dye,PE5-160,AQUA,42,W,,1,,    496A24495-1   ,
Dye,PE5-166,BLUE,46,W,,1,,    641A24488-1   ,
Dye,PE5-169,SCARLET,5,W,,1,,    641A23929-1   ,
Dye,PE5-169,SCARLET,280,W,,1,,    642A24154-1   ,
Dye,PE5-169,SCARLET,7,W,,1,,    641A24187-1   ,
Dye,PE5-181,GOLD,18,W,,1,,    642A24155-1   ,
Dye,PE5-181,GOLD,24,W,,1,,    641A16559-3   ,
Dye,PE5-188,MAROON,59,W,,1,,    641A23741-2   ,
Dye,PE5-188,MAROON,94,W,,1,,    641A24107-1   ,
Dye,PE5-188,MAROON,26,W,,1,,    641A24109-1   ,
Dye,PE5-188,MAROON,371,W,,1,,    642A24110-1   ,
Dye,PE5-188,MAROON,212,W,,1,,    747A24343-1   ,
Dye,PE5-193,NAVY,56,W,,1,,    641A23929-1   ,
Dye,PE5-193,NAVY,800,W,,1,,    642A24130-1   ,
Dye,PE5-193,NAVY,35,W,,1,,    642A24110-1   ,
Dye,PE5-193,NAVY,504,W,,1,,    642A24111-1   ,
Dye,PE5-193,NAVY,650,W,,1,,    485A23417-4   ,
Dye,PE5-193,NAVY,71,W,,1,,    641A20467-2   ,
Dye,PE5-193,NAVY,633,W,,1,,    642A24342-1   ,
Dye,PE5-193,NAVY,304,W,,1,,    747A24344-1   ,
Dye,PE5-193,NAVY,211,W,,1,,    641A16367-1   ,
Dye,PE5-193,NAVY,322,W,,1,,    642A24368-1   ,
Dye,PE5-199,WINE,185,W,,1,,    641A24339-1   ,
Dye,PE5-199,WINE,43,W,,1,,    641A24363-1   ,
Dye,PE5-199,WINE,62,W,,1,,    641A24489-1   ,
Dye,PE5-202,BROWN,57,W,,1,,    641A23929-1   ,
Dye,PE5-202,BROWN,405,W,,1,,    642A24341-1   ,
Dye,PE5-202,BROWN,173,W,,1,,    642A24421-1   ,
Dye,PE5-204,SLATE,262,W,,1,,    641A24187-1   ,
Dye,PE5-204,SLATE,293,W,,1,,    495A24355-1   ,
Dye,PE5-204,SLATE,88,W,,1,,    641A24363-1   ,
Dye,PE5-204,SLATE,52,W,,1,,    747A24491-1   ,
Dye,PE5-206,SLATE,130,W,,1,,    641A24363-1   ,
Dye,PE5-206,SLATE,85,W,,1,,    747A24491-1   ,
Dye,PE5-223,TAUPE,431,W,,1,,    485A23867-1   ,
Dye,PE5-223,TAUPE,246,W,,1,,    485A23924-1   ,
Dye,PE5-223,TAUPE,106,W,,1,,    747A24493-1   ,
Dye,PE5-233,BLUE,795,W,,1,,    485A23417-4   ,
Dye,PE5-233,BLUE,109,W,,1,,    641A24244-1   ,
Dye,PE5-233,BLUE,50,W,,1,,    747A24344-1   ,
Dye,PE5-239,GREY,80,W,,1,,    641A24108-1   ,
Dye,PE5-239,GREY,204,W,,1,,    642A23804-1   ,
Dye,PE5-239,GREY,202,W,,1,,    641A24187-1   ,
Dye,PE5-239,GREY,88,W,,1,,    747A24491-1   ,
Dye,PE5-239,GREY,18,W,,1,,    641A24488-1   ,
Dye,PE5-242,BRICK,43,W,,1,,    642A24340-1   ,
Dye,PE5-261,BLUE,322,W,,1,,    642A24368-1   ,
Dye,PE5-267,GOLD,64,W,,1,,    642A24137-1   ,
Dye,PE5-286,BLUE,22,W,,1,,    641A23930-1   ,
Dye,PE5-286,BLUE,91,W,,1,,    641A23739-4   ,
Dye,PE5-286,BLUE,110,W,,1,,    641A24109-1   ,
Dye,PE5-286,BLUE,132,W,,1,,    641A24187-1   ,
Dye,PE5-286,BLUE,44,W,,1,,    642A24340-1   ,
Dye,PE5-286,BLUE,185,W,,1,,    641A23634-3   ,
Dye,PE5-286,BLUE,37,W,,1,,    642A24421-1   ,
Dye,PE5-286,BLUE,91,W,,1,,    642A24137-1   ,
Dye,PE5-295,DRAB,171,W,,1,,    642A24110-1   ,
Dye,PE5-295,DRAB,31,W,,1,,    641A24244-1   ,
Dye,PE5-295,DRAB,25,W,,1,,    747A24343-1   ,
Dye,PE5-295,DRAB,103,W,,1,,    747A24492-1   ,
Dye,PE5-295,DRAB,46,W,,1,,    641A24488-1   ,
Dye,PE5-295,DRAB,39,W,,1,,    496A24494-1   ,
Dye,PE5-304,RED,154,W,,1,,    491A24074-1   ,
Dye,PE5-312,COPPER,60,W,,1,,    641A23741-2   ,
Dye,PE5-312,COPPER,43,W,,1,,    641A24109-1   ,
Dye,PE5-312,COPPER,177,W,,1,,    642A24110-1   ,
Dye,PE5-312,COPPER,44,W,,1,,    642A24340-1   ,
Dye,PE5-312,COPPER,405,W,,1,,    642A24341-1   ,
Dye,PE5-312,COPPER,90,W,,1,,    642A24342-1   ,
Dye,PE5-312,COPPER,10,W,,1,,    785A24423-1   ,
Dye,PE5-312,COPPER,67,W,,1,,    747A24492-1   ,
Dye,PE5-312,COPPER,117,W,,1,,    641A24489-1   ,
Dye,PE5-312,COPPER,49,W,,1,,    496A24495-1   ,
Dye,PE5-318,BROWN,22,W,,1,,    642A24340-1   ,
Dye,PE5-353,GREEN,44,W,,1,,    642A24340-1   ,
Dye,PE5-353,GREEN,48,W,,1,,    642A24342-1   ,
Dye,PE5-353,GREEN,175,W,,1,,    747A24343-1   ,
Dye,PE5-353,GREEN,210,W,,1,,    747A24490-1   ,
Dye,PE5-370,COPPER,48,W,,1,,    642A24137-1   ,
Dye,PE5-370,COPPER,8,W,,1,,    747A24492-1   ,
Dye,PE5-390,BLUE,87,W,,1,,    641A23739-4   ,
Dye,PE5-390,BLUE,85,W,,1,,    641A24107-1   ,
Dye,PE5-390,BLUE,6,W,,1,,    641A24109-1   ,
Dye,PE5-390,BLUE,203,W,,1,,    642A23418-3   ,
Dye,PE5-390,BLUE,46,W,,1,,    641A24488-1   ,
Dye,PE5-399,GREY,77,W,,1,,    641A23928-1   ,
Dye,PE5-401,GREEN,69,W,,1,,    642A24421-1   ,
Dye,PE5-441,BLUE,185,W,,1,,    641A23634-5   ,
Dye,PE5-441,BLUE,196,W,,1,,    641A24187-1   ,
Dye,PE5-444,BEIGE,73,W,,1,,    641A23739-4   ,
Dye,PE5-444,BEIGE,119,W,,1,,    747A24493-1   ,
Dye,PE5-493,BLUE,398,W,,1,,    485A23867-1   ,
Dye,PE5-509,BLUE,95,W,,1,,    641A23783-1   ,
Dye,PE5-510,TAN,15,W,,1,,    641A23783-1   ,
Dye,PE5-510,TAN,32,W,,1,,    642A23804-1   ,
Dye,PE5-510,TAN,60,W,,1,,    641A24487-1   ,
Dye,PE5-510,TAN,46,W,,1,,    641A24488-1   ,
Dye,PE5-510,TAN,117,W,,1,,    641A24489-1   ,
Dye,PE5-518,PURPLE,57,W,,1,,    641A23783-1   ,
Dye,PE5-518,PURPLE,14,W,,1,,    641A23930-1   ,
Dye,PE5-518,PURPLE,60,W,,1,,    641A23739-3   ,
Dye,PE5-519,RED,270,W,,1,,    641A16559-3   ,
Dye,PE5-543,BROWN,99,W,,1,,    641A20467-2   ,
Dye,PE5-543,BROWN,22,W,,1,,    642A24137-1   ,
Dye,PE5-551,GREEN,93,W,,1,,    641A24107-1   ,
Dye,PE5-566,BROWN,38,W,,1,,    747A23998-1   ,
Dye,PE5-566,BROWN,116,W,,1,,    497A24031-1   ,
Dye,PE5-595,BLUE,24,W,,1,,    641A16559-3   ,
Dye,PE5-670,GREEN,112,W,,1,,    642A24155-1   ,
Dye,PE5-670,GREEN,344,W,,1,,    642A23068-1   ,
Dye,PE5-670,GREEN,250,W,,1,,    641A20467-2   ,
Dye,PE5-670,GREEN,132,W,,1,,    747A24490-1   ,
Dye,PE5-727,MAROON,16,W,,1,,    641A23930-1   ,
Dye,PE5-727,MAROON,176,W,,1,,    491A24074-1   ,
Dye,PE5-727,MAROON,59,W,,1,,    641A23741-2   ,
Dye,PE5-727,MAROON,38,W,,1,,    496A24495-1   ,
Dye,PE5-800,BROWN,60,W,,1,,    641A23741-2   ,
Dye,PE5-814,GREEN,54,W,,1,,    641A23929-1   ,
Dye,PE5-814,GREEN,314,W,,1,,    641A23930-1   ,
Dye,PE5-814,GREEN,38,W,,1,,    642A24342-1   ,
Dye,PE5-814,GREEN,232,W,,1,,    641A16367-1   ,
Dye,PE5-827,BRONZE,323,W,,1,,    497A24056-1   ,
Dye,PE5-827,BRONZE,427,W,,1,,    642A24130-1   ,
Dye,PE5-827,BRONZE,23,W,,1,,    642A24340-1   ,
Dye,PE5-827,BRONZE,18,W,,1,,    747A24343-1   ,
Dye,PE5-827,BRONZE,38,W,,1,,    496A24495-1   ,
Dye,PE5-834,BROWN,32,W,,1,,    642A24111-1   ,
Dye,PE5-837,TAN,60,W,,1,,    641A23783-1   ,
Dye,PE5-837,TAN,93,W,,1,,    641A24107-1   ,
Dye,PE5-837,TAN,83,W,,1,,    641A24108-1   ,
Dye,PE5-837,TAN,370,W,,1,,    641A24109-1   ,
Dye,PE5-837,TAN,28,W,,1,,    642A23804-1   ,
Dye,PE5-837,TAN,301,W,,1,,    642A24340-1   ,
Dye,PE5-840,GREEN,149,W,,1,,    641A16559-3   ,
Dye,PE5-840,GREEN,30,W,,1,,    641A24109-1   ,
Dye,PE5-979,GOLD,91,W,,1,,    641A23739-3   ,
Dye,PE5-979,GOLD,24,W,,1,,    641A23739-4   ,
Dye,PE5-979,GOLD,91,W,,1,,    641A24109-1   ,
Dye,PE5-979,GOLD,203,W,,1,,    642A23418-2   ,
Dye,PE5-979,GOLD,138,W,,1,,    642A24111-1   ,
Dye,PE5-986,TURQUIOSE,108,W,,1,,    497A24056-1   ,
Dye,PE5-A66,TAN,864,W,,1,,    497A24056-1   ,
Dye,PE5-A66,TAN,100,W,,1,,    642A24137-1   ,
Dye,PE5-A66,TAN,131,W,,1,,    496A24495-1   ,
Dye,PE5-A94,PLUM,168,W,,1,,    491A24074-1   ,
Dye,PE5-B02,SEABREEZE,24,W,,1,,    641A23739-3   ,
Dye,PE5-B02,SEABREEZE,60,W,,1,,    641A23739-4   ,
Dye,PE5-B15,BLUE,403,W,,1,,    782A23938-1   ,
Dye,PE5-B16,TAN,34,W,,1,,    641A24109-1   ,
Dye,PE5-B61,GREY,94,W,,1,,    747A24491-1   ,
Dye,PE5-B91,TAN,85,W,,1,,    641A24107-1   ,
Dye,PE5-D62,GREY,406,W,,1,,    782A23938-1   ,
Dye,PE5-D62,GREY,35,W,,1,,    642A24110-1   ,
Dye,PE5-D62,GREY,79,W,,1,,    642A24137-1   ,
Dye,PE5-E77,BLUE,117,W,,1,,    641A24487-1   ,
Dye,PE5-F19,OLIVE,138,W,,1,,    642A24111-1   ,
Dye,PE5-F19,OLIVE,43,W,,1,,    642A24340-1   ,
Dye,PE5-F19,OLIVE,108,W,,1,,    747A24490-1   ,
Dye,PE5-F31,TEAL,82,W,,1,,    642A24421-1   ,
Dye,PE5-H96,RED,22,W,,1,,    641A23739-3   ,
Dye,PE5-H96,RED,105,W,,1,,    747A24492-1   ,
Dye,PE5-L15,TAUPE,18,W,,1,,    642A24110-1   ,
Dye,R45-140,NAVY,286,W,,1,,   7697A24058-1   ,
Dye,R45-286,BLUE,384,W,,1,,   7697A24058-1   ,
Dye,T76-174,RED,86,W,,1,,   7705-23979-1   ,
Dye,T76-181,GOLD,173,W,,1,,   7705-23979-4   ,
Dye,T76-193,NAVY,419,W,,1,,   7705-23979-1   ,
Dye,T76-193,NAVY,419,W,,1,,   7705-23979-2   ,
Dye,T76-193,NAVY,419,W,,1,,   7705-23979-3   ,
Dye,T76-193,NAVY,419,W,,1,,   7705-23979-4   ,
Dye,T76-286,BLUE,181,W,,1,,   7705-23979-2   ,
Dye,T76-298,TURQUOISE,173,W,,1,,   7705-23979-2   ,
Dye,T76-299,RED,173,W,,1,,   7705-23979-1   ,
Dye,T76-396,RED,173,W,,1,,   7705-23979-4   ,
Dye,T76-401,GREEN,86,W,,1,,   7705-23979-2   ,
Dye,T76-488,RED,173,W,,1,,   7705-23979-3   ,
Dye,T76-518,PURPLE,181,W,,1,,   7705-23979-3   ,
Dye,T76-592,BURGANDY,181,W,,1,,   7705-23979-1   ,
Dye,T76-651,ORANGE,173,W,,1,,   7705-23979-1   ,
Dye,T76-684,GREEN,173,W,,1,,   7705-23979-2   ,
Dye,T76-727,MAROON,173,W,,1,,   7705-23979-3   ,
Dye,T76-B91,TAN,86,W,,1,,   7705-23979-4   ,
Dye,T76-D58,BROWN,181,W,,1,,   7705-23979-4   ,
Dye,T76-H44,LILAC,86,W,,1,,   7705-23979-3   ,
