Type,Yarn#,Description,Pounds,Mill,Usage,Loss%,Lbs/Wk,Run Lbs,RunLbs/Wk,MillStyle,,
Spun,16A-069,GOLD,360,W,,12.00,,360,,   5302-18001-3   ,,
Spun,16A-069,GOLD,518,W,,12.00,,518,,   5302-18001-6   ,,
Spun,16A-069,GOLD,616,W,,12.00,,616,,   5302-20696-2   ,,
Spun,16A-069,GOLD,29,W,,12.00,,29,,   5302-24412-1   ,,
Spun,16A-102,BLACK,540,W,,12.00,,540,,   5302-18001-3   ,,
Spun,16A-102,BLACK,778,W,,12.00,,778,,   5302-18001-6   ,,
Spun,16A-102,BLACK,2310,W,,12.00,,2310,,   5302-22909-1   ,,
Spun,16A-102,BLACK,5,W,,12.00,,5,,   5302-18881-1   ,,
Spun,16A-102,BLACK,96,W,,12.00,,96,,   5302-24412-1   ,,
Spun,16A-140,NAVY,1372,W,,12.00,,1372,,   5302-20696-2   ,,
Spun,16A-278,RED,800,W,,12.00,,800,,   5302-18001-3   ,,
Spun,16A-278,RED,1152,W,,12.00,,1152,,   5302-18001-6   ,,
Spun,16A-278,RED,31,W,,12.00,,31,,   5302-24412-1   ,,
Spun,16A-584,DRAB,540,W,,12.00,,540,,   5302-18001-3   ,,
Spun,16A-584,DRAB,778,W,,12.00,,778,,   5302-18001-6   ,,
Spun,16A-584,DRAB,132,W,,12.00,,132,,   5302-22909-1   ,,
Spun,16A-584,DRAB,101,W,,12.00,,101,,   5302-24412-1   ,,
Spun,16A-P81,RED MIX,742,W,,12.00,,742,,   5302-20696-2   ,,
Spun,16A-P81,RED MIX,2679,W,,12.00,,2679,,   5302-22909-1   ,,
Spun,16A-P81,RED MIX,1387,W,,12.00,,1387,,   5302-18881-1   ,,
Spun,16A-P81,RED MIX,1790,W,,12.00,,1790,,   5302-24412-1   ,,
Spun,16A-P82,GREEN MIX,14740,W,,12.00,,14740,,   5302-18001-3   ,,
Spun,16A-P82,GREEN MIX,1008,W,,12.00,,1008,,   5302-18001-6   ,,
Spun,16A-P82,GREEN MIX,3999,W,,12.00,,3999,,   5302-22909-1   ,,
Spun,16A-P82,GREEN MIX,710,W,,12.00,,710,,   5302-18881-1   ,,
Spun,16A-Q01,BLUE MIX,700,W,,12.00,,700,,   5302-18001-3   ,,
Spun,16A-Q01,BLUE MIX,9646,W,,12.00,,9646,,   5302-20696-2   ,,
Spun,16A-Q01,BLUE MIX,1459,W,,12.00,,1459,,   5302-18881-1   ,,
Spun,16A-Q01,BLUE MIX,74,W,,12.00,,74,,   5302-24412-1   ,,
Spun,16A-Q79,BROWN MIX,21226,W,,12.00,,21226,,   5302-18001-6   ,,
Spun,16A-Q79,BROWN MIX,2679,W,,12.00,,2679,,   5302-22909-1   ,,
Spun,16A-Q79,BROWN MIX,677,W,,12.00,,677,,   5302-18881-1   ,,
Spun,16F-001,WHT NAT,584,W,,,,584,,    308A24003-1   ,,
Spun,16F-102,BLACK,584,W,,18.00,,584,,    308A24003-1   ,,
Spun,22E-001,WHITE,2288,W,,6.00,,3146,,    285A-LGRG     ,,
Spun,22E-005,MED NAT,27446,W,,6.00,,37738,,    285A-MGRG     ,,
Spun,22E-007,DK NAT,11533,W,,6.00,,15858,,    285A-DGRG     ,,
Spun,22E-Q12,GREY MIX,1524,W,,12.00,,2096,,    285A13518-Q12 ,,
Spun,22E-U70,LT OXFORD,1524,W,,12.00,,2096,,    285A13518-U70 ,,
Spun,22G-001,WHT NAT,940,W,,6.00,,1293,,    996-23658-1   ,,
Spun,22G-001,WHT NAT,77200,W,,6.00,,106150,,    996-21374-GRG ,,
Spun,22G-001,WHT NAT,2660,W,,6.00,,3659,,    996-22086-1   ,,
Spun,22G-001,WHT NAT,1769,W,PkgDye,6.00,,2435,,    996-22086-1   ,,
Spun,22G-001,WHT NAT,6423,W,,6.00,,8832,,    996-22851-1   ,,
Spun,22G-001,WHT NAT,676,W,PkgDye,6.00,,930,,    996-22851-1   ,,
Spun,22G-001,WHT NAT,2224,W,,6.00,,3058,,   1001-22413-1   ,,
Spun,22G-001,WHT NAT,894,W,,6.00,,1230,,   1001-23131-1   ,,
Spun,22G-001,WHT NAT,1359,W,,6.00,,1869,,   1001-23131-2   ,,
Spun,22G-001,WHT NAT,1350,W,PkgDye,6.00,,1856,,   1001-23131-2   ,,
Spun,22G-001,WHT NAT,364,W,PkgDye,6.00,,501,,   1001-22534-1   ,,
Spun,22G-001,WHT NAT,1700,W,,6.00,,2338,,    996-23335-1   ,,
Spun,22G-001,WHT NAT,816,W,,6.00,,1123,,    996-23335-3   ,,
Spun,22G-001,WHT NAT,2546,W,PkgDye,6.00,,3501,,    996-23335-3   ,,
Spun,22G-001,WHT NAT,352,W,,6.00,,484,,    999-23838-1   ,,
Spun,22G-001,WHT NAT,560,W,,6.00,,770,,   1001-23702-2   ,,
Spun,22G-001,WHT NAT,958,W,,6.00,,1317,,    999-23516-1   ,,
Spun,22G-001,WHT NAT,144,W,,6.00,,198,,    999-23517-2   ,,
Spun,22G-001,WHT NAT,42,W,,6.00,,58,,    996-24025-1   ,,
Spun,22G-001,WHT NAT,1043,W,PkgDye,6.00,,1434,,    996-24025-1   ,,
Spun,22G-001,WHT NAT,357,W,,6.00,,491,,   1001-23935-1   ,,
Spun,22G-001,WHT NAT,533,W,PkgDye,6.00,,733,,   1001-23935-1   ,,
Spun,22G-001,WHT NAT,714,W,,6.00,,982,,   1001-23935-2   ,,
Spun,22G-001,WHT NAT,286,W,PkgDye,6.00,,394,,   1001-23935-2   ,,
Spun,22G-001,WHT NAT,714,W,,6.00,,982,,   1001-23935-3   ,,
Spun,22G-001,WHT NAT,288,W,PkgDye,6.00,,396,,   1001-23935-3   ,,
Spun,22G-001,WHT NAT,357,W,,6.00,,491,,   1001-23935-4   ,,
Spun,22G-001,WHT NAT,533,W,PkgDye,6.00,,733,,   1001-23935-4   ,,
Spun,22G-001,WHT NAT,714,W,,6.00,,982,,   1001-23935-5   ,,
Spun,22G-001,WHT NAT,1067,W,PkgDye,6.00,,1467,,   1001-23935-5   ,,
Spun,22G-001,WHT NAT,309,W,,6.00,,425,,    996-23659-1   ,,
Spun,22G-001,WHT NAT,936,W,PkgDye,6.00,,1287,,    996-23659-1   ,,
Spun,22G-001,WHT NAT,249,W,,6.00,,342,,    996-24076-1   ,,
Spun,22G-001,WHT NAT,163,W,PkgDye,6.00,,224,,    996-24076-1   ,,
Spun,22G-001,WHT NAT,417,W,,6.00,,573,,    996-24080-1   ,,
Spun,22G-001,WHT NAT,417,W,,6.00,,573,,    996-24080-2   ,,
Spun,22G-001,WHT NAT,451,W,PkgDye,6.00,,621,,    996-24080-2   ,,
Spun,22G-001,WHT NAT,626,W,,6.00,,861,,    996-24080-3   ,,
Spun,22G-001,WHT NAT,676,W,PkgDye,6.00,,930,,    996-24080-3   ,,
Spun,22G-001,WHT NAT,1086,W,,6.00,,1493,,    996-22850-1   ,,
Spun,22G-001,WHT NAT,676,W,,6.00,,930,,    996-24226-1   ,,
Spun,22G-001,WHT NAT,1200,W,PkgDye,6.00,,1650,,    996-24226-1   ,,
Spun,22G-001,WHT NAT,4024,W,,6.00,,5533,,    999-23516-3   ,,
Spun,22G-001,WHT NAT,7461,W,,6.00,,10259,,    999-23517-3   ,,
Spun,22G-001,WHT NAT,720,W,,6.00,,990,,    999-23517-4   ,,
Spun,22G-001,WHT NAT,3475,W,PkgDye,6.00,,4778,,    999-23517-4   ,,
Spun,22G-001,WHT NAT,122,W,,6.00,,168,,   1001-24145-1   ,,
Spun,22G-001,WHT NAT,1151,W,PkgDye,6.00,,1583,,   1001-24145-1   ,,
Spun,22G-001,WHT NAT,512,W,,6.00,,704,,   1001-24146-1   ,,
Spun,22G-001,WHT NAT,97,W,PkgDye,6.00,,133,,   1001-24146-1   ,,
Spun,22G-001,WHT NAT,102,W,,6.00,,140,,   1001-24147-1   ,,
Spun,22G-001,WHT NAT,115,W,,6.00,,158,,   1001-24147-2   ,,
Spun,22G-001,WHT NAT,1898,W,PkgDye,6.00,,2610,,   1001-24147-2   ,,
Spun,22G-001,WHT NAT,117,W,PkgDye,6.00,,160,,   1005-24041-1   ,,
Spun,22G-001,WHT NAT,1095,W,PkgDye,6.00,,1506,,    996-20549-1   ,,
Spun,22G-001,WHT NAT,244,W,,6.00,,336,,   1001-24183-1   ,,
Spun,22G-001,WHT NAT,319,W,PkgDye,6.00,,438,,   1001-24183-1   ,,
Spun,22G-001,WHT NAT,244,W,,6.00,,336,,   1001-24183-2   ,,
Spun,22G-001,WHT NAT,648,W,PkgDye,6.00,,890,,   1001-24183-2   ,,
Spun,22G-001,WHT NAT,62,W,,6.00,,85,,    996-24387-1   ,,
Spun,22G-001,WHT NAT,1149,W,PkgDye,6.00,,1579,,    996-24387-1   ,,
Spun,22G-001,WHT NAT,2056,W,,6.00,,2827,,    996-24388-1   ,,
Spun,22G-001,WHT NAT,65,W,,6.00,,89,,   1001-24298-1   ,,
Spun,22G-001,WHT NAT,130,W,PkgDye,6.00,,179,,   1001-24298-1   ,,
Spun,22G-001,WHT NAT,32,W,,6.00,,44,,   1001-24298-2   ,,
Spun,22G-001,WHT NAT,32,W,PkgDye,6.00,,44,,   1001-24298-2   ,,
Spun,22G-001,WHT NAT,771,W,,6.00,,1060,,    996-24438-1   ,,
Spun,22G-001,WHT NAT,1558,W,PkgDye,6.00,,2142,,    996-24438-2   ,,
Spun,22G-102,BLACK MBDC,6748,W,,12.00,,9279,,    996-18265-1   ,,
Spun,22G-102,BLACK MBDC,4192,W,,12.00,,5764,,    996-22414-1   ,,
Spun,22G-102,BLACK MBDC,879,W,,12.00,,1209,,   1001-23131-1   ,,
Spun,22G-102,BLACK MBDC,352,W,,12.00,,484,,   1001-22534-1   ,,
Spun,22G-102,BLACK MBDC,1029,W,,12.00,,1415,,    996-24076-1   ,,
Spun,22G-102,BLACK MBDC,249,W,,12.00,,342,,    996-24080-1   ,,
Spun,22G-102,BLACK MBDC,456,W,,12.00,,627,,    996-22850-1   ,,
Spun,22G-102,BLACK MBDC,331,W,,12.00,,455,,   1001-24145-1   ,,
Spun,22G-102,BLACK MBDC,596,W,,12.00,,820,,   1001-24146-1   ,,
Spun,22G-102,BLACK MBDC,1,W,,12.00,,1,,   1005-24041-1   ,,
Spun,22G-102,BLACK MBDC,343,W,,12.00,,472,,    996-24387-1   ,,
Spun,22G-102,BLACK MBDC,92,W,,12.00,,127,,   1001-24298-2   ,,
Spun,22G-102,BLACK MBDC,771,W,,12.00,,1060,,    996-24438-1   ,,
Spun,22G-156,NAVY,396,W,,12.00,,545,,   1001-22534-1   ,,
Spun,22G-156,NAVY,1096,W,,12.00,,1507,,    999-23838-1   ,,
Spun,22G-156,NAVY,732,W,,12.00,,1007,,    996-24025-1   ,,
Spun,22G-166,BLUE MBDC,8009,W,,12.00,,11013,,    999-23516-2   ,,
Spun,22G-166,BLUE MBDC,771,W,,12.00,,1060,,   1001-23935-3   ,,
Spun,22G-166,BLUE MBDC,111,W,,12.00,,153,,   1001-24145-1   ,,
Spun,22G-166,BLUE MBDC,444,W,,12.00,,611,,   1001-24146-1   ,,
Spun,22G-169,SCARLET,6748,W,,12.00,,9279,,    996-18265-1   ,,
Spun,22G-169,SCARLET,126,W,,12.00,,173,,    996-24025-1   ,,
Spun,22G-169,SCARLET,38,W,,12.00,,52,,   1005-24041-1   ,,
Spun,22G-169,SCARLET,456,W,,12.00,,627,,    996-20549-1   ,,
Spun,22G-178,GREEN MBDC,4016,W,,12.00,,5523,,    996-22414-1   ,,
Spun,22G-178,GREEN MBDC,197,W,,12.00,,271,,    996-24080-1   ,,
Spun,22G-178,GREEN MBDC,281,W,,12.00,,386,,   1001-24145-1   ,,
Spun,22G-178,GREEN MBDC,560,W,,12.00,,770,,   1001-24146-1   ,,
Spun,22G-211,NAVY,2719,W,,12.00,,3738,,    996-23335-1   ,,
Spun,22G-401,GREEN,852,W,,12.00,,1172,,    999-23516-1   ,,
Spun,22G-401,GREEN,3048,W,,12.00,,4191,,    999-23517-4   ,,
Spun,22G-401,GREEN,326,W,,12.00,,448,,   1001-24183-1   ,,
Spun,22G-J02,GREEN MBDC,309,W,,12.00,,425,,    996-23659-1   ,,
Spun,22G-J02,GREEN MBDC,66,W,,12.00,,91,,    996-24226-1   ,,
Spun,22G-K06,NAVY,3608,W,,12.00,,4961,,    996-22414-1   ,,
Spun,22G-K54,RED MBDC,702,W,,12.00,,965,,    996-24076-1   ,,
Spun,22G-L24,BLUE,9005,W,,12.00,,12382,,    999-23516-2   ,,
Spun,22G-M14,GREYMXMBDC,4085,W,,12.00,,5618,,    996-22086-1   ,,
Spun,22G-M14,GREYMXMBDC,297,W,,12.00,,408,,   1001-24298-1   ,,
Spun,22G-M17,TANMIXMBDC,1116,W,,12.00,,1535,,   1001-23131-4   ,,
Spun,22G-M17,TANMIXMBDC,5652,W,,12.00,,7772,,    996-24080-3   ,,
Spun,22G-M17,TANMIXMBDC,297,W,,12.00,,408,,   1001-24298-1   ,,
Spun,22G-M25,GREEMXMBDC,3236,W,,12.00,,4450,,    996-23658-1   ,,
Spun,22G-M25,GREEMXMBDC,1930,W,,12.00,,2654,,    996-21517-M25 ,,
Spun,22G-M25,GREEMXMBDC,669,W,,12.00,,920,,    996-22851-1   ,,
Spun,22G-M25,GREEMXMBDC,1098,W,,12.00,,1510,,   1001-23131-4   ,,
Spun,22G-M27,BLUEMXMBDC,1336,W,,12.00,,1837,,   1001-23131-2   ,,
Spun,22G-M27,BLUEMXMBDC,1306,W,,12.00,,1796,,    996-23335-3   ,,
Spun,22G-M27,BLUEMXMBDC,772,W,,12.00,,1062,,   1001-23935-2   ,,
Spun,22G-M27,BLUEMXMBDC,7334,W,,12.00,,10084,,    996-21517-M27 ,,
Spun,22G-M27,BLUEMXMBDC,3768,W,,12.00,,5181,,    996-24080-2   ,,
Spun,22G-M27,BLUEMXMBDC,1763,W,,12.00,,2424,,   1005-24041-1   ,,
Spun,22G-M49,GREYMXMBDC,842,W,,12.00,,1158,,    996-24076-1   ,,
Spun,22G-M49,GREYMXMBDC,828,W,,12.00,,1139,,    999-23517-3   ,,
Spun,22G-M49,GREYMXMBDC,65,W,,12.00,,89,,   1001-24298-2   ,,
Spun,22G-M87,GREY MIX,19300,W,,12.00,,26537,,    996-21517-M87 ,,
Spun,22G-M87,GREY MIX,879,W,,12.00,,1209,,   1001-23131-1   ,,
Spun,22G-M87,GREY MIX,326,W,,12.00,,448,,   1001-23702-2   ,,
Spun,22G-M87,GREY MIX,1298,W,,12.00,,1785,,    999-23517-2   ,,
Spun,22G-M87,GREY MIX,2028,W,,12.00,,2789,,    996-24076-1   ,,
Spun,22G-M87,GREY MIX,3578,W,,12.00,,4920,,    999-23516-3   ,,
Spun,22G-M87,GREY MIX,1670,W,,12.00,,2296,,   1001-24147-1   ,,
Spun,22G-M87,GREY MIX,709,W,,12.00,,975,,    996-24388-1   ,,
Spun,22G-M97,AMBEMXMBDC,2216,W,,12.00,,3048,,    996-23658-1   ,,
Spun,22G-M97,AMBEMXMBDC,1544,W,,12.00,,2123,,    996-21517-M97 ,,
Spun,22G-N93,TAUPMXMBDC,13896,W,,12.00,,19107,,    996-21517-N93 ,,
Spun,22G-N93,TAUPMXMBDC,4191,W,,12.00,,5763,,    996-22851-1   ,,
Spun,22G-N93,TAUPMXMBDC,1098,W,,12.00,,1510,,   1001-23131-4   ,,
Spun,22G-N93,TAUPMXMBDC,5250,W,,12.00,,7219,,    996-23335-1   ,,
Spun,22G-N93,TAUPMXMBDC,3768,W,,12.00,,5181,,    996-24080-1   ,,
Spun,22G-N93,TAUPMXMBDC,297,W,,12.00,,408,,   1001-24298-2   ,,
Spun,22G-P51,TAN MIX,5790,W,,12.00,,7961,,    996-21517-P51 ,,
Spun,22G-P51,TAN MIX,709,W,,12.00,,975,,    996-24388-1   ,,
Spun,22G-P51,TAN MIX,65,W,,12.00,,89,,   1001-24298-2   ,,
Spun,22G-S97,CHARMXMBDC,4779,W,,12.00,,6571,,    996-23658-1   ,,
Spun,22G-S97,CHARMXMBDC,15054,W,,12.00,,20700,,    996-21517-S97 ,,
Spun,22G-S97,CHARMXMBDC,92,W,,12.00,,127,,   1001-24298-1   ,,
Spun,22G-S97,CHARMXMBDC,297,W,,12.00,,408,,   1001-24298-2   ,,
Spun,22Y-999,ODD YARN,2754,W,,,,3787,,EX13208-GRG       ,,
Spun,25A-002,WHT NAT,399,W,PkgDye,12.00,,623,,   7675-21406-1   ,,
Spun,25A-004,MED NAT,5412,W,PkgDye,12.00,,8456,,   7675-21376-1   ,,
Spun,25A-004,MED NAT,45,W,,12.00,,70,,   7675-23590-1   ,,
Spun,25A-004,MED NAT,224,W,PkgDye,12.00,,350,,   7675-23590-1   ,,
Spun,25A-004,MED NAT,747,W,PkgDye,12.00,,1168,,   7675-21510-1   ,,
Spun,25A-004,MED NAT,4982,W,PkgDye,12.00,,7786,,   7675-22793-1   ,,
Spun,25A-004,MED NAT,2392,W,PkgDye,12.00,,3740,,   7675-23136-1   ,,
Spun,25A-004,MED NAT,1366,W,PkgDye,12.00,,2134,,   7734-23980-1   ,,
Spun,25A-004,MED NAT,285,W,PkgDye,12.00,,445,,   7734-23981-1   ,,
Spun,25A-004,MED NAT,369,W,PkgDye,12.00,,577,,   7734-23982-1   ,,
Spun,25A-004,MED NAT,3788,W,PkgDye,12.00,,5918,,   7675-23590-2   ,,
Spun,25A-004,MED NAT,240,W,,12.00,,375,,   7675-23951-1   ,,
Spun,25A-004,MED NAT,2997,W,PkgDye,12.00,,4682,,   7675-23951-1   ,,
Spun,25A-004,MED NAT,3238,W,PkgDye,12.00,,5059,,   7675-23952-1   ,,
Spun,25A-004,MED NAT,3514,W,PkgDye,12.00,,5490,,   7675-23953-1   ,,
Spun,25A-004,MED NAT,246,W,,12.00,,384,,   7675-21971-1   ,,
Spun,25A-004,MED NAT,2675,W,PkgDye,12.00,,4180,,   7675-21971-1   ,,
Spun,25A-004,MED NAT,1057,W,PkgDye,12.00,,1651,,   7675-23592-1   ,,
Spun,25A-004,MED NAT,109,W,,12.00,,170,,   7675-21406-1   ,,
Spun,25A-004,MED NAT,587,W,PkgDye,12.00,,917,,   7675-21406-1   ,,
Spun,25A-004,MED NAT,862,W,PkgDye,12.00,,1348,,   7393A22822-1   ,,
Spun,25A-004,MED NAT,2937,W,PkgDye,12.00,,4589,,   7393A23313-1   ,,
Spun,25A-004,MED NAT,4422,W,PkgDye,12.00,,6910,,   7393A23719-1   ,,
Spun,25A-004,MED NAT,5777,W,PkgDye,12.00,,9028,,   7393A24132-1   ,,
Spun,25A-004,MED NAT,1102,W,PkgDye,12.00,,1721,,   7675-20649-1   ,,
Spun,25A-004,MED NAT,53,W,,12.00,,83,,   7675-20650-1   ,,
Spun,25A-004,MED NAT,1043,W,PkgDye,12.00,,1630,,   7675-20650-1   ,,
Spun,25A-004,MED NAT,724,W,PkgDye,12.00,,1131,,   7675-23806-1   ,,
Spun,25A-F19,OLIVE,1070,W,,12.00,,1672,,   7734-23981-1   ,,
Spun,25A-M29,OXFORD MIX,90,W,,12.00,,141,,   7675-23590-1   ,,
Spun,25A-M29,OXFORD MIX,322,W,,12.00,,503,,   7675-21510-1   ,,
Spun,25A-M29,OXFORD MIX,504,W,,12.00,,788,,   7675-23136-1   ,,
Spun,25A-M29,OXFORD MIX,847,W,,12.00,,1323,,   7734-23982-1   ,,
Spun,25A-M29,OXFORD MIX,3098,W,,12.00,,4841,,   7675-21971-1   ,,
Spun,25A-M29,OXFORD MIX,374,W,,12.00,,584,,   7393A22822-1   ,,
Spun,25A-M29,OXFORD MIX,350,W,,12.00,,547,,   7675-23806-1   ,,
Spun,25A-M38,GREY MIX,90,W,,12.00,,141,,   7675-23590-1   ,,
Spun,25A-M38,GREY MIX,672,W,,12.00,,1050,,   7675-21510-1   ,,
Spun,25A-M38,GREY MIX,775,W,,12.00,,1211,,   7393A22822-1   ,,
Spun,25A-M49,GREY MIX,90,W,,12.00,,141,,   7675-23590-1   ,,
Spun,25A-M49,GREY MIX,1517,W,,12.00,,2371,,   7675-21510-1   ,,
Spun,25A-M49,GREY MIX,1224,W,,12.00,,1913,,   7675-22793-1   ,,
Spun,25A-M49,GREY MIX,857,W,,12.00,,1339,,   7675-23136-1   ,,
Spun,25A-M49,GREY MIX,143,W,,12.00,,223,,   7734-23982-1   ,,
Spun,25A-M49,GREY MIX,1729,W,,12.00,,2702,,   7393A22822-1   ,,
Spun,25A-M49,GREY MIX,814,W,,12.00,,1272,,   7393A23313-1   ,,
Spun,26E-002,WHT NAT,1119,W,,8.00,,1818,,   7748A24179-1   ,,
Spun,26E-004,NATURAL,1318,W,PkgDye,8.00,,2142,,    294A24051-1   ,,
Spun,26E-004,NATURAL,257,W,PkgDye,8.00,,418,,    294A24373-1   ,,
Spun,26E-004,NATURAL,76,W,PkgDye,8.00,,124,,    294A24374-1   ,,
Spun,26E-004,NATURAL,23,W,PkgDye,8.00,,37,,    294A24375-1   ,,
Spun,26E-004,NATURAL,348,W,PkgDye,8.00,,565,,    294A24426-1   ,,
Spun,26E-004,NATURAL,491,W,PkgDye,8.00,,797,,   7747A24365-1   ,,
Spun,26E-004,NATURAL,982,W,PkgDye,8.00,,1596,,   7747A24366-1   ,,
Spun,26E-004,NATURAL,774,W,PkgDye,8.00,,1258,,   7751-24324-1   ,,
Spun,26E-004,NATURAL,925,W,PkgDye,8.00,,1504,,   7751-24325-1   ,,
Spun,26E-004,NATURAL,769,W,PkgDye,8.00,,1249,,   7751-24326-1   ,,
Spun,26E-004,NATURAL,1020,W,PkgDye,8.00,,1658,,   7751-24327-1   ,,
Spun,26E-004,NATURAL,1006,W,PkgDye,8.00,,1634,,   7493A24437-1   ,,
Spun,26E-004,NATURAL,1530,W,PkgDye,8.00,,2487,,   7751-24454-1   ,,
Spun,26E-005,DK NAT,5536,W,,8.00,,8996,,    293A17719-DGRG,,
Spun,26E-102,BLACK,1882,W,,12.00,,3058,,    293A18112-1   ,,
Spun,26E-102,BLACK,2786,W,,12.00,,4527,,    294A18113-4   ,,
Spun,26E-102,BLACK,2477,W,,12.00,,4025,,    294A18113-1   ,,
Spun,26E-102,BLACK,2748,W,,12.00,,4466,,    294A18113-2   ,,
Spun,26E-102,BLACK,944,W,,12.00,,1534,,   1000-22272-1   ,,
Spun,26E-102,BLACK,944,W,,12.00,,1534,,   1000-22272-3   ,,
Spun,26E-102,BLACK,90,W,,12.00,,146,,    294A24373-1   ,,
Spun,26E-102,BLACK,75,W,,12.00,,122,,    294A24374-1   ,,
Spun,26E-102,BLACK,77,W,,12.00,,125,,    294A24375-1   ,,
Spun,26E-102,BLACK,915,W,,12.00,,1487,,   7748A24179-1   ,,
Spun,26E-137,NAVY,2576,W,,12.00,,4186,,    294A24051-1   ,,
Spun,26E-883,GREEN,83,W,,12.00,,135,,    294A24375-1   ,,
Spun,26E-908,OLIVE,165,W,,12.00,,268,,    294A24375-1   ,,
Spun,26E-AB5,OTTERGREEN,3442,W,,12.00,,5593,,    294A18113-4   ,,
Spun,26E-G77,RED,3648,W,,12.00,,5928,,    293A18112-1   ,,
Spun,26E-G77,RED,3059,W,,12.00,,4971,,    294A18113-1   ,,
Spun,26E-G77,RED,1137,W,,12.00,,1848,,   1000-22272-3   ,,
Spun,26E-G77,RED,248,W,,12.00,,403,,   7751-24324-1   ,,
Spun,26E-M38,GREY MIX,93,W,,12.00,,151,,   7751-24325-1   ,,
Spun,26E-M38,GREY MIX,251,W,,12.00,,408,,   7751-24326-1   ,,
Spun,26E-M38,GREY MIX,308,W,,12.00,,501,,   7493A24437-1   ,,
Spun,26E-U92,FOREST MIX,5536,W,,12.00,,8996,,    293A17718-U92 ,,
Spun,26E-U93,CHARCOAL M,5103,W,,12.00,,8292,,    293A17718-U93 ,,
Spun,26E-U93,CHARCOAL M,486,W,,12.00,,790,,   7747A24365-1   ,,
Spun,26E-U97,MED GREY M,91,W,,12.00,,148,,    294A24374-1   ,,
Spun,26E-U99,GREY MIX,3394,W,,12.00,,5515,,    294A18113-2   ,,
Spun,26E-U99,GREY MIX,107,W,,12.00,,174,,    294A24374-1   ,,
Spun,26E-V35,GREY MIX,1137,W,,12.00,,1848,,   1000-22272-1   ,,
Spun,26E-V60,BROWN,980,W,,12.00,,1593,,    294A24051-1   ,,
Spun,36B-001,WHT.NAT.,390,W,PkgDye,8.00,,879,,    726-23587-1   ,,
Spun,36B-001,WHT.NAT.,553,W,PkgDye,8.00,,1245,,    738-23463-1   ,,
Spun,36B-001,WHT.NAT.,9271,W,,8.00,,20861,,    726-12792-1   ,,
Spun,36B-001,WHT.NAT.,173,W,,8.00,,390,,    726-15871-1   ,,
Spun,36B-001,WHT.NAT.,1297,W,PkgDye,8.00,,2919,,    726-15871-1   ,,
Spun,36B-001,WHT.NAT.,200,W,,8.00,,450,,    726-16082-1   ,,
Spun,36B-001,WHT.NAT.,827,W,PkgDye,8.00,,1863,,    726-16082-1   ,,
Spun,36B-001,WHT.NAT.,368,W,,8.00,,828,,    726-19007-1   ,,
Spun,36B-001,WHT.NAT.,1621,W,PkgDye,8.00,,3650,,    726-19007-1   ,,
Spun,36B-001,WHT.NAT.,1426,W,PkgDye,8.00,,3210,,    726-22799-1   ,,
Spun,36B-001,WHT.NAT.,211,W,,8.00,,475,,    726-23419-1   ,,
Spun,36B-001,WHT.NAT.,612,W,PkgDye,8.00,,1378,,    726-23419-1   ,,
Spun,36B-001,WHT.NAT.,4492,W,,8.00,,10108,,    737F18280-1   ,,
Spun,36B-001,WHT.NAT.,1396,W,PkgDye,8.00,,3141,,    737F22890-1   ,,
Spun,36B-001,WHT.NAT.,10371,W,,8.00,,23335,,    738-18281-1   ,,
Spun,36B-001,WHT.NAT.,206,W,,8.00,,464,,    738-19004-1   ,,
Spun,36B-001,WHT.NAT.,1633,W,PkgDye,8.00,,3674,,    738-19004-1   ,,
Spun,36B-001,WHT.NAT.,397,W,,8.00,,893,,    738-19443-1   ,,
Spun,36B-001,WHT.NAT.,1716,W,PkgDye,8.00,,3863,,    738-19443-1   ,,
Spun,36B-001,WHT.NAT.,122,W,,8.00,,275,,    738-22554-1   ,,
Spun,36B-001,WHT.NAT.,608,W,PkgDye,8.00,,1368,,    738-22554-1   ,,
Spun,36B-001,WHT.NAT.,2375,W,PkgDye,8.00,,5345,,    738-22800-1   ,,
Spun,36B-001,WHT.NAT.,248,W,,8.00,,559,,    738-23306-1   ,,
Spun,36B-001,WHT.NAT.,708,W,PkgDye,8.00,,1593,,    738-23306-1   ,,
Spun,36B-001,WHT.NAT.,1050,W,,8.00,,2362,,    729J23712-1   ,,
Spun,36B-001,WHT.NAT.,203,W,PkgDye,8.00,,458,,    729J23714-1   ,,
Spun,36B-001,WHT.NAT.,1247,W,,8.00,,2806,,    728-14555-1   ,,
Spun,36B-102,BLACK,342,W,,16.00,,770,,    726-12791-1   ,,
Spun,36B-102,BLACK,895,W,,16.00,,2014,,    726-12792-1   ,,
Spun,36B-102,BLACK,4358,W,,16.00,,9806,,    726-16082-1   ,,
Spun,36B-102,BLACK,436,W,,16.00,,982,,    737F18280-1   ,,
Spun,36B-102,BLACK,1008,W,,16.00,,2268,,    738-18281-1   ,,
Spun,36B-102,BLACK,3277,W,,16.00,,7373,,    738-22554-1   ,,
Spun,36B-102,BLACK,241,W,,16.00,,542,,    738-22555-1   ,,
Spun,36B-102,BLACK,108,W,,16.00,,244,,    729J23712-1   ,,
Spun,36B-111,BLUE,4554,W,,16.00,,10247,,    726-19007-1   ,,
Spun,36B-111,BLUE,197,W,,16.00,,444,,    726-23419-1   ,,
Spun,36B-111,BLUE,5481,W,,16.00,,12332,,    738-19443-1   ,,
Spun,36B-111,BLUE,230,W,,16.00,,518,,    738-23306-1   ,,
Spun,36B-140,NAVY,6199,W,,16.00,,13948,,    726-15871-1   ,,
Spun,36B-140,NAVY,4839,W,,16.00,,10888,,    726-16732-1   ,,
Spun,36B-140,NAVY,368,W,,16.00,,828,,    726-19007-1   ,,
Spun,36B-140,NAVY,769,W,,16.00,,1731,,    726-21561-1   ,,
Spun,36B-140,NAVY,626,W,,16.00,,1409,,    726-22799-1   ,,
Spun,36B-140,NAVY,656,W,,16.00,,1477,,    737F21843-1   ,,
Spun,36B-140,NAVY,616,W,,16.00,,1386,,    737F22890-1   ,,
Spun,36B-140,NAVY,8686,W,,16.00,,19544,,    738-19004-1   ,,
Spun,36B-140,NAVY,397,W,,16.00,,893,,    738-19443-1   ,,
Spun,36B-140,NAVY,768,W,,16.00,,1729,,    738-21844-1   ,,
Spun,36B-140,NAVY,4403,W,,16.00,,9908,,    738-22556-1   ,,
Spun,36B-140,NAVY,1050,W,,16.00,,2363,,    738-22800-1   ,,
Spun,36B-140,NAVY,539,W,,16.00,,1213,,    729J23713-1   ,,
Spun,36B-140,NAVY,90,W,,16.00,,203,,    729J23714-1   ,,
Spun,36B-237,GOLD,3549,W,,16.00,,7986,,    726-21561-1   ,,
Spun,36B-237,GOLD,197,W,,16.00,,444,,    726-23419-1   ,,
Spun,36B-237,GOLD,3016,W,,16.00,,6787,,    737F21843-1   ,,
Spun,36B-237,GOLD,3608,W,,16.00,,8119,,    738-21844-1   ,,
Spun,36B-237,GOLD,221,W,,16.00,,497,,    738-23306-1   ,,
Spun,36B-289,ORANGE,341,W,,16.00,,768,,    726-23587-1   ,,
Spun,36B-289,ORANGE,493,W,,16.00,,1110,,    738-23463-1   ,,
Spun,36B-289,ORANGE,259,W,,16.00,,583,,    726-15871-1   ,,
Spun,36B-289,ORANGE,156,W,,16.00,,352,,    726-16082-1   ,,
Spun,36B-289,ORANGE,931,W,,16.00,,2095,,    726-16732-1   ,,
Spun,36B-289,ORANGE,327,W,,16.00,,736,,    738-19004-1   ,,
Spun,36B-289,ORANGE,115,W,,16.00,,259,,    738-22554-1   ,,
Spun,36B-289,ORANGE,839,W,,16.00,,1889,,    738-22556-1   ,,
Spun,36B-289,ORANGE,111,W,,16.00,,250,,    729J23713-1   ,,
Spun,36B-293,ORANGE,173,W,,16.00,,390,,    726-15871-1   ,,
Spun,36B-293,ORANGE,931,W,,16.00,,2095,,    726-16732-1   ,,
Spun,36B-293,ORANGE,206,W,,16.00,,464,,    738-19004-1   ,,
Spun,36B-293,ORANGE,839,W,,16.00,,1889,,    738-22556-1   ,,
Spun,36B-293,ORANGE,112,W,,16.00,,252,,    729J23713-1   ,,
Spun,36B-305,BROWN,3286,W,,16.00,,7394,,    726-23587-1   ,,
Spun,36B-305,BROWN,4787,W,,16.00,,10772,,    738-23463-1   ,,
Spun,36B-314,YELLOW,342,W,,16.00,,770,,    726-12791-1   ,,
Spun,36B-314,YELLOW,895,W,,16.00,,2014,,    726-12792-1   ,,
Spun,36B-314,YELLOW,436,W,,16.00,,982,,    737F18280-1   ,,
Spun,36B-314,YELLOW,1008,W,,16.00,,2268,,    738-18281-1   ,,
Spun,36B-314,YELLOW,241,W,,16.00,,542,,    738-22555-1   ,,
Spun,36B-314,YELLOW,108,W,,16.00,,244,,    729J23712-1   ,,
Spun,36B-315,RED,4037,W,,16.00,,9084,,    726-12791-1   ,,
Spun,36B-315,RED,895,W,,16.00,,2014,,    726-12792-1   ,,
Spun,36B-315,RED,436,W,,16.00,,982,,    737F18280-1   ,,
Spun,36B-315,RED,1008,W,,16.00,,2268,,    738-18281-1   ,,
Spun,36B-315,RED,2878,W,,16.00,,6476,,    738-22555-1   ,,
Spun,36B-315,RED,108,W,,16.00,,244,,    729J23712-1   ,,
Spun,36B-316,GREEN,342,W,,16.00,,770,,    726-12791-1   ,,
Spun,36B-316,GREEN,895,W,,16.00,,2014,,    726-12792-1   ,,
Spun,36B-316,GREEN,436,W,,16.00,,982,,    737F18280-1   ,,
Spun,36B-316,GREEN,1008,W,,16.00,,2268,,    738-18281-1   ,,
Spun,36B-316,GREEN,241,W,,16.00,,542,,    738-22555-1   ,,
Spun,36B-316,GREEN,108,W,,16.00,,244,,    729J23712-1   ,,
Spun,36B-396,RED,112,W,,16.00,,252,,    726-23587-1   ,,
Spun,36B-396,RED,158,W,,16.00,,356,,    738-23463-1   ,,
Spun,36B-396,RED,471,W,,16.00,,1060,,    726-16732-1   ,,
Spun,36B-396,RED,769,W,,16.00,,1731,,    726-21561-1   ,,
Spun,36B-396,RED,188,W,,16.00,,424,,    726-22799-1   ,,
Spun,36B-396,RED,656,W,,16.00,,1477,,    737F21843-1   ,,
Spun,36B-396,RED,185,W,,16.00,,417,,    737F22890-1   ,,
Spun,36B-396,RED,768,W,,16.00,,1729,,    738-21844-1   ,,
Spun,36B-396,RED,414,W,,16.00,,932,,    738-22556-1   ,,
Spun,36B-396,RED,308,W,,16.00,,694,,    738-22800-1   ,,
Spun,36B-396,RED,56,W,,16.00,,126,,    729J23713-1   ,,
Spun,36B-396,RED,27,W,,16.00,,61,,    729J23714-1   ,,
Spun,36B-620,GREEN,322,W,,16.00,,725,,    726-23587-1   ,,
Spun,36B-620,GREEN,463,W,,16.00,,1042,,    738-23463-1   ,,
Spun,36B-620,GREEN,3869,W,,16.00,,8706,,    726-23419-1   ,,
Spun,36B-620,GREEN,4508,W,,16.00,,10143,,    738-23306-1   ,,
Spun,36B-883,GREEN,205,W,,16.00,,462,,    726-23587-1   ,,
Spun,36B-883,GREEN,294,W,,16.00,,662,,    738-23463-1   ,,
Spun,36B-883,GREEN,3168,W,,16.00,,7128,,    726-22799-1   ,,
Spun,36B-883,GREEN,3107,W,,16.00,,6991,,    737F22890-1   ,,
Spun,36B-883,GREEN,5292,W,,16.00,,11908,,    738-22800-1   ,,
Spun,36B-883,GREEN,451,W,,16.00,,1015,,    729J23714-1   ,,
Spun,36E-001,WHT NAT,3053,W,,4.00,,6870,,    765A21560-1   ,,
Spun,36E-001,WHT NAT,1054,W,Twist,4.00,,2371,,   7705-23979-1   ,,
Spun,36E-001,WHT NAT,1054,W,Twist,4.00,,2371,,   7705-23979-2   ,,
Spun,36E-001,WHT NAT,1054,W,Twist,4.00,,2371,,   7705-23979-3   ,,
Spun,36E-001,WHT NAT,1054,W,Twist,4.00,,2371,,   7705-23979-4   ,,
Spun,36F-004,MED NAT,1278,W,PkgDye,12.00,,2876,,   7687A24331-1   ,,
Spun,36F-U93,CHRCOL MIX,1887,W,,20.00,,4246,,   7649A19777-U93 ,,
Spun,36T-001,WHT NAT,2920,W,,8.00,,6570,,    972-19033-GRG ,,
Spun,36Y-999,ODD YARN,6,W,,,,14,,    737F18280-1   ,,
Spun,36Y-999,ODD YARN,4,W,,,,9,,    737F21843-1   ,,
Spun,48A-002,WHT NAT,1488,W,,8.00,,4464,,    726-23587-1   ,,
Spun,48A-002,WHT NAT,2173,W,,8.00,,6519,,    738-23463-1   ,,
Spun,48A-002,WHT NAT,1540,W,,8.00,,4620,,    726-12791-1   ,,
Spun,48A-002,WHT NAT,4128,W,,8.00,,12384,,    726-12792-1   ,,
Spun,48A-002,WHT NAT,2592,W,,8.00,,7776,,    726-15871-1   ,,
Spun,48A-002,WHT NAT,1776,W,,8.00,,5328,,    726-16082-1   ,,
Spun,48A-002,WHT NAT,2304,W,,8.00,,6912,,    726-16732-1   ,,
Spun,48A-002,WHT NAT,2208,W,,8.00,,6624,,    726-19007-1   ,,
Spun,48A-002,WHT NAT,1632,W,,8.00,,4896,,    726-21561-1   ,,
Spun,48A-002,WHT NAT,1728,W,,8.00,,5184,,    726-22799-1   ,,
Spun,48A-002,WHT NAT,1632,W,,8.00,,4896,,    726-23419-1   ,,
Spun,48A-002,WHT NAT,1986,W,,8.00,,5958,,    737F18280-1   ,,
Spun,48A-002,WHT NAT,1376,W,,8.00,,4128,,    737F21843-1   ,,
Spun,48A-002,WHT NAT,1681,W,,8.00,,5043,,    737F22890-1   ,,
Spun,48A-002,WHT NAT,4637,W,,8.00,,13911,,    738-18281-1   ,,
Spun,48A-002,WHT NAT,3560,W,,8.00,,10680,,    738-19004-1   ,,
Spun,48A-002,WHT NAT,2567,W,,8.00,,7701,,    738-19443-1   ,,
Spun,48A-002,WHT NAT,1656,W,,8.00,,4968,,    738-21844-1   ,,
Spun,48A-002,WHT NAT,1325,W,,8.00,,3975,,    738-22554-1   ,,
Spun,48A-002,WHT NAT,1159,W,,8.00,,3477,,    738-22555-1   ,,
Spun,48A-002,WHT NAT,2091,W,,8.00,,6273,,    738-22556-1   ,,
Spun,48A-002,WHT NAT,2898,W,,8.00,,8694,,    738-22800-1   ,,
Spun,48A-002,WHT NAT,1904,W,,8.00,,5712,,    738-23306-1   ,,
Spun,48A-002,WHT NAT,484,W,,8.00,,1452,,    729J23712-1   ,,
Spun,48A-002,WHT NAT,257,W,,8.00,,771,,    729J23713-1   ,,
Spun,48A-002,WHT NAT,242,W,,8.00,,726,,    729J23714-1   ,,
Spun,48A-002,WHT NAT,403,W,,8.00,,1209,,    728-14555-1   ,,
Spun,48E-001,WHT NAT,347,W,,12.00,,1041,,   7625-23939-3   ,,
Spun,48E-001,WHT NAT,162,W,,12.00,,486,,   7625-23939-4   ,,
Spun,48E-004,MED NAT,278,W,PkgDye,12.00,,834,,   7625-23570-5   ,,
Spun,48E-004,MED NAT,52,W,PkgDye,12.00,,156,,   7625-22653-3   ,,
Spun,48E-004,MED NAT,714,W,PkgDye,12.00,,2142,,   7527A24034-1   ,,
Spun,48E-004,MED NAT,1160,W,PkgDye,12.00,,3480,,   7697A24058-1   ,,
Spun,48E-004,MED NAT,468,W,PkgDye,12.00,,1404,,   7625-23939-1   ,,
Spun,48E-004,MED NAT,281,W,PkgDye,12.00,,843,,   7625-23939-2   ,,
Spun,48E-004,MED NAT,281,W,PkgDye,12.00,,843,,   7625-23939-3   ,,
Spun,48E-004,MED NAT,117,W,PkgDye,12.00,,351,,   7625-23939-4   ,,
Spun,48E-004,MED NAT,1890,W,PkgDye,12.00,,5670,,   7625-24231-1   ,,
Spun,48E-004,MED NAT,1883,W,PkgDye,12.00,,5649,,   7625-24232-1   ,,
Spun,48E-004,MED NAT,171,W,PkgDye,12.00,,513,,   7625-24306-1   ,,
Spun,48E-004,MED NAT,527,W,PkgDye,12.00,,1581,,   7625-24307-1   ,,
Spun,48E-004,MED NAT,801,W,PkgDye,12.00,,2403,,   7331A24127-1   ,,
Spun,48E-004,MED NAT,627,W,PkgDye,12.00,,1881,,   7331A24128-1   ,,
Spun,48E-004,MED NAT,263,W,,12.00,,789,,   7745A24151-1   ,,
Spun,48E-004,MED NAT,1748,W,,12.00,,5244,,   7601-18743-1   ,,
Spun,48E-004,MED NAT,1780,W,PkgDye,12.00,,5340,,   7601-18743-1   ,,
Spun,48E-004,MED NAT,1748,W,,12.00,,5244,,   7601-18743-2   ,,
Spun,48E-004,MED NAT,617,W,PkgDye,12.00,,1851,,   7331A24329-1   ,,
Spun,48E-004,MED NAT,637,W,,12.00,,1911,,   7113A24057-1   ,,
Spun,48E-004,MED NAT,803,W,PkgDye,12.00,,2409,,   7331A24389-1   ,,
Spun,48E-004,MED NAT,1083,W,PkgDye,12.00,,3249,,   7681A22591-3   ,,
Spun,48E-004,MED NAT,377,W,,12.00,,1131,,    309A24352-1   ,,
Spun,48E-004,MED NAT,26,W,,12.00,,78,,   7625-24296-1   ,,
Spun,48E-004,MED NAT,455,W,PkgDye,12.00,,1365,,   7625-24296-1   ,,
Spun,48E-004,MED NAT,26,W,,12.00,,78,,   7625-24296-4   ,,
Spun,48E-004,MED NAT,580,W,PkgDye,12.00,,1740,,   7625-24296-4   ,,
Spun,48E-006,DK NAT,2404,W,,12.00,,7212,,     92A10493-DGRG,,
Spun,48E-102,BLACK,261,W,,16.00,,783,,   7625-23570-4   ,,
Spun,48E-102,BLACK,389,W,,16.00,,1167,,   7527A24034-1   ,,
Spun,48E-102,BLACK,56,W,,16.00,,168,,   7625-24306-1   ,,
Spun,48E-102,BLACK,156,W,,16.00,,468,,   7625-24307-1   ,,
Spun,48E-102,BLACK,447,W,,16.00,,1341,,   7331A24127-1   ,,
Spun,48E-102,BLACK,621,W,,16.00,,1863,,   7331A24128-1   ,,
Spun,48E-102,BLACK,349,W,,16.00,,1047,,   7745A24151-1   ,,
Spun,48E-102,BLACK,557,W,,16.00,,1671,,   7113A24057-1   ,,
Spun,48E-102,BLACK,570,W,,16.00,,1710,,    309A24352-1   ,,
Spun,48E-102,BLACK,151,W,,16.00,,453,,   7625-24296-4   ,,
Spun,48E-M16,TAN MIX,173,W,,16.00,,519,,   7681A24131-1   ,,
Spun,48E-M17,TAN MIX,162,W,,16.00,,486,,   7625-23939-1   ,,
Spun,48E-M17,TAN MIX,347,W,,16.00,,1041,,   7625-23939-4   ,,
Spun,48E-M27,BLUE MIX,122,W,,16.00,,366,,   7625-22653-3   ,,
Spun,48E-M27,BLUE MIX,347,W,,16.00,,1041,,   7625-23939-2   ,,
Spun,48E-M27,BLUE MIX,288,W,,16.00,,864,,   7331A22788-1   ,,
Spun,48E-M27,BLUE MIX,461,W,,16.00,,1383,,   7625-24296-1   ,,
Spun,48E-M29,GREY MIX,393,W,,16.00,,1179,,   7331A24330-1   ,,
Spun,48E-M29,GREY MIX,279,W,,16.00,,837,,   7331A24389-1   ,,
Spun,48E-M29,GREY MIX,185,W,,16.00,,555,,   7625-24296-4   ,,
Spun,48E-M38,GREY MIX,1944,W,,16.00,,5832,,   7625-24306-1   ,,
Spun,48E-M38,GREY MIX,1656,W,,16.00,,4968,,   7625-24307-1   ,,
Spun,48E-M38,GREY MIX,24,W,,16.00,,72,,   7331A24330-1   ,,
Spun,48E-M48,GREY MIX,118,W,,16.00,,354,,   7681A24131-1   ,,
Spun,48E-M49,GREY MIX,206,W,,16.00,,618,,   7625-23570-4   ,,
Spun,48E-M49,GREY MIX,130,W,,16.00,,390,,   7681A24131-1   ,,
Spun,48E-M49,GREY MIX,197,W,,16.00,,591,,   7331A24330-1   ,,
Spun,48E-M49,GREY MIX,152,W,,16.00,,456,,   7331A24389-1   ,,
Spun,48E-N06,GREY MIX,4807,W,,16.00,,14421,,     92A10493-N06 ,,
Spun,48E-N06,GREY MIX,1762,W,,16.00,,5286,,   7601-18743-2   ,,
Spun,48E-N93,TAUPE MIX,347,W,,16.00,,1041,,   7625-23570-5   ,,
Spun,48E-N93,TAUPE MIX,130,W,,16.00,,390,,   7681A24131-1   ,,
Spun,48E-P57,OXFORD MIX,539,W,,16.00,,1617,,   7681A24131-1   ,,
Spun,48E-R28,GREEN MIX,323,W,,16.00,,969,,   7331A22788-1   ,,
Spun,48E-T01,CREAM MIX,3533,W,,16.00,,10599,,   7601-18721-T01 ,,
Spun,48E-U92,FOREST MIX,1202,W,,16.00,,3606,,     92A10493-U92 ,,
Spun,48E-V26,BROWN MIX,138,W,,16.00,,414,,   7625-22653-3   ,,
Spun,48Y-999,ODD YARN,3605,W,,,,10815,,     92A24156-DGRG,,
Spun,56E-002,LT NAT,761,W,,8.00,,2664,,EX13208-GRG       ,,
Spun,56E-002,LT NAT,75532,W,,8.00,,264362,,   3062-MGRG      ,,
Spun,56E-004,MED NAT,761,W,,8.00,,2664,,EX13208-GRG       ,,
Spun,56Z-002,LT NAT,728,W,,8.00,,2548,,   7371-15555-LGRG,,
Spun,60H-001,WHT NAT,12807,W,,8.00,,48027,,   8040-22579-GRG ,,
Spun,60H-001,WHT NAT,921,W,,8.00,,3454,,   7548-17334-GRG ,,
Spun,60H-001,WHT NAT,20215,W,,8.00,,75807,,   8032-18951-GRG ,,
Spun,60H-102,BLACK,1733,W,,12.00,,6499,,   8032-18951-102 ,,
Spun,60H-M36,BROWN MIX,2134,W,,12.00,,8003,,   8040-23116-M36 ,,
Spun,60H-S97,GREY MIX,12708,W,,12.00,,47656,,   8032-18951-S97 ,,
Spun,60H-U70,DOVE MIX,8086,W,,12.00,,30323,,   8032-18951-U70 ,,
Spun,60H-U70,DOVE MIX,2134,W,,12.00,,8002,,   8040-23116-U70 ,,
Spun,60H-V96,LT BRN MIX,10974,W,,12.00,,41154,,   8032-19889-GRG ,,
Spun,60H-V96,LT BRN MIX,19209,W,,12.00,,72035,,   8040-23115-GRG ,,
Spun,60H-W62,GREY MIX,7508,W,,12.00,,28155,,   8032-18951-W62 ,,
Spun,60H-W62,GREY MIX,6936,W,,12.00,,26010,,   8040-23116-W62 ,,
Spun,60H-W63,NAVY MIX,6404,W,,12.00,,24016,,   8040-23116-W63 ,,
Spun,60H-W65,GREY MIX,8003,W,,12.00,,30012,,   8040-23116-W65 ,,
Spun,60H-W68,OXFORD MIX,13873,W,,12.00,,52025,,   8040-23116-W68 ,,
Spun,60H-W72,RED MIX,1334,W,,12.00,,5002,,   8040-23116-W72 ,,
Spun,60H-W73,MAGENT MIX,1334,W,,12.00,,5002,,   8040-23116-W73 ,,
Spun,72B-002,WHT NAT,11054,W,,14.00,,49744,,   7652-22008-1   ,,
Spun,72B-002,WHT NAT,1408,W,PkgDye,14.00,,6336,,   7652-22008-1   ,,
Spun,72B-002,WHT NAT,2097,W,,14.00,,9437,,   7652-22384-1   ,,
Spun,72B-002,WHT NAT,337,W,PkgDye,14.00,,1517,,   7652-22384-1   ,,
Spun,72B-002,WHT NAT,4453,W,PkgDye,14.00,,20042,,   7652-22833-1   ,,
Spun,72B-002,WHT NAT,134,W,,14.00,,603,,   7652-23580-1   ,,
Spun,72B-002,WHT NAT,1164,W,PkgDye,14.00,,5241,,   7652-23580-1   ,,
Spun,72B-002,WHT NAT,156,W,,14.00,,702,,   7652-23580-2   ,,
Spun,72B-002,WHT NAT,3598,W,PkgDye,14.00,,16197,,   7652-23580-2   ,,
Spun,72B-002,WHT NAT,1850,W,PkgDye,14.00,,8326,,    783A24007-1   ,,
Spun,72B-002,WHT NAT,924,W,PkgDye,14.00,,4159,,    783A24008-1   ,,
Spun,72B-002,WHT NAT,493,W,PkgDye,14.00,,2219,,    783A24009-1   ,,
Spun,72B-002,WHT NAT,1624,W,,14.00,,7308,,   7652-23921-1   ,,
Spun,72B-002,WHT NAT,614,W,PkgDye,14.00,,2764,,   7652-23921-1   ,,
Spun,72B-002,WHT NAT,144,W,,14.00,,648,,   7652-23581-1   ,,
Spun,72B-002,WHT NAT,319,W,PkgDye,14.00,,1437,,   7652-23581-1   ,,
Spun,72B-002,WHT NAT,4630,W,PkgDye,14.00,,20835,,   7652-23582-1   ,,
Spun,72B-002,WHT NAT,1815,W,PkgDye,14.00,,8169,,   7652-23883-1   ,,
Spun,72B-002,WHT NAT,693,W,PkgDye,14.00,,3119,,   7652-23888-1   ,,
Spun,72B-002,WHT NAT,57,W,,14.00,,257,,   7652-24077-1   ,,
Spun,72B-002,WHT NAT,2641,W,PkgDye,14.00,,11886,,   7652-24077-1   ,,
Spun,72B-002,WHT NAT,276,W,,14.00,,1242,,   7652-24078-1   ,,
Spun,72B-002,WHT NAT,493,W,PkgDye,14.00,,2219,,   7652-24078-1   ,,
Spun,72B-002,WHT NAT,900,W,PkgDye,14.00,,4052,,   7742-24019-1   ,,
Spun,72B-002,WHT NAT,1190,W,,14.00,,5355,,   7742-24040-1   ,,
Spun,72B-002,WHT NAT,144,W,PkgDye,14.00,,648,,   7742-24040-1   ,,
Spun,72B-002,WHT NAT,917,W,PkgDye,14.00,,4127,,   7740-23994-1   ,,
Spun,72B-002,WHT NAT,335,W,,14.00,,1508,,   7740-23995-1   ,,
Spun,72B-002,WHT NAT,120,W,PkgDye,14.00,,541,,   7740-23995-1   ,,
Spun,72B-002,WHT NAT,462,W,PkgDye,14.00,,2081,,   7740-24011-1   ,,
Spun,72B-002,WHT NAT,461,W,PkgDye,14.00,,2076,,   7740-24012-1   ,,
Spun,72B-002,WHT NAT,459,W,PkgDye,14.00,,2067,,   7740-24013-1   ,,
Spun,72B-002,WHT NAT,93,W,,14.00,,419,,   7740-24014-1   ,,
Spun,72B-002,WHT NAT,364,W,PkgDye,14.00,,1639,,   7740-24014-1   ,,
Spun,72B-002,WHT NAT,462,W,PkgDye,14.00,,2081,,   7740-24015-1   ,,
Spun,72B-002,WHT NAT,459,W,PkgDye,14.00,,2068,,   7740-24029-1   ,,
Spun,72B-002,WHT NAT,465,W,PkgDye,14.00,,2095,,   7740-24030-1   ,,
Spun,72B-002,WHT NAT,136,W,,14.00,,612,,   7742-24170-1   ,,
Spun,72B-002,WHT NAT,1045,W,PkgDye,14.00,,4703,,   7742-24170-1   ,,
Spun,72B-002,WHT NAT,1268,W,,14.00,,5706,,   7742-24170-2   ,,
Spun,72B-002,WHT NAT,9692,W,PkgDye,14.00,,43615,,   7742-24170-2   ,,
Spun,72B-002,WHT NAT,926,W,PkgDye,14.00,,4168,,    783A24336-1   ,,
Spun,72B-002,WHT NAT,334,W,PkgDye,14.00,,1503,,    783A24337-1   ,,
Spun,72B-002,WHT NAT,696,W,PkgDye,14.00,,3133,,    783A24338-1   ,,
Spun,72B-002,WHT NAT,504,W,PkgDye,14.00,,2268,,   7652-24267-1   ,,
Spun,72B-002,WHT NAT,925,W,PkgDye,14.00,,4164,,   7652-24268-1   ,,
Spun,72B-002,WHT NAT,749,W,PkgDye,14.00,,3371,,   7652-24269-1   ,,
Spun,72B-002,WHT NAT,451,W,PkgDye,14.00,,2031,,   7742-24021-1   ,,
Spun,72B-002,WHT NAT,28,W,,14.00,,126,,   7742-24443-1   ,,
Spun,72B-002,WHT NAT,389,W,PkgDye,14.00,,1751,,   7742-24443-1   ,,
Spun,72B-M16,TAN MIX,175,W,,16.00,,788,,   7652-24269-1   ,,
Spun,72B-M29,OXFORD MIX,179,W,,16.00,,806,,    783A24009-1   ,,
Spun,72B-M29,OXFORD MIX,1580,W,,16.00,,7110,,   7652-24078-1   ,,
Spun,72B-M29,OXFORD MIX,229,W,,16.00,,1031,,    783A24337-1   ,,
Spun,72B-M29,OXFORD MIX,418,W,,16.00,,1881,,   7652-24267-1   ,,
Spun,72B-M38,GREY MIX,1321,W,,16.00,,5946,,   7652-23580-1   ,,
Spun,72B-M38,GREY MIX,113,W,,16.00,,509,,    783A24009-1   ,,
Spun,72B-M38,GREY MIX,1438,W,,16.00,,6471,,   7652-20076-M38 ,,
Spun,72B-M49,GREY MIX,593,W,,16.00,,2670,,   7652-23580-1   ,,
Spun,72B-M49,GREY MIX,136,W,,16.00,,612,,    783A24009-1   ,,
Spun,72B-M49,GREY MIX,210,W,,16.00,,945,,   7652-23888-1   ,,
Spun,72B-M49,GREY MIX,958,W,,16.00,,4311,,   7652-20076-M49 ,,
Spun,72B-M49,GREY MIX,126,W,,16.00,,567,,    783A24337-1   ,,
Spun,72B-M49,GREY MIX,476,W,,16.00,,2142,,   7742-24443-1   ,,
Spun,72B-P51,TAN MIX,373,W,,16.00,,1679,,   7652-22384-1   ,,
Spun,72B-P51,TAN MIX,136,W,,16.00,,613,,   7652-22833-1   ,,
Spun,72D-P51,TAN MIX,525,W,,20.00,,2363,,   7738A23997-1   ,,
Spun,72D-Q81,RUST MIX,266,W,,20.00,,1197,,   7737A23676-4   ,,
Spun,72D-T65,GREY MIX,266,W,,20.00,,1197,,   7737A23676-4   ,,
Spun,80A-001,WHITE NAT,316,W,,8.00,,1580,,    542A24037-1   ,,
Spun,80A-001,WHITE NAT,477,W,,8.00,,2385,,    542A-LGRG     ,,
Spun,80A-004,MED NAT,483,W,PkgDye,8.00,,2415,,    542A20986-10  ,,
Spun,80A-004,MED NAT,484,W,PkgDye,8.00,,2420,,    542A23726-1   ,,
Spun,80A-004,MED NAT,30,W,PkgDye,8.00,,150,,    542A23727-1   ,,
Spun,80A-004,MED NAT,314,W,PkgDye,8.00,,1570,,    542A23724-1   ,,
Spun,80A-004,MED NAT,326,W,PkgDye,8.00,,1630,,    542A23724-2   ,,
Spun,80A-004,MED NAT,2385,W,PkgDye,8.00,,11925,,    542A23911-1   ,,
Spun,80A-004,MED NAT,1657,W,PkgDye,8.00,,8285,,    542A23904-1   ,,
Spun,80A-004,MED NAT,1067,W,PkgDye,8.00,,5335,,    542A23907-1   ,,
Spun,80A-004,MED NAT,103,W,,8.00,,515,,    542A23589-3   ,,
Spun,80A-004,MED NAT,857,W,PkgDye,8.00,,4285,,    542A23589-3   ,,
Spun,80A-004,MED NAT,966,W,PkgDye,8.00,,4830,,    542A23902-1   ,,
Spun,80A-004,MED NAT,205,W,PkgDye,8.00,,1025,,    542A23903-1   ,,
Spun,80A-004,MED NAT,4372,W,PkgDye,8.00,,21860,,    542A23906-1   ,,
Spun,80A-004,MED NAT,3636,W,PkgDye,8.00,,18180,,    542A23906-2   ,,
Spun,80A-004,MED NAT,4889,W,PkgDye,8.00,,24445,,    542A23908-1   ,,
Spun,80A-004,MED NAT,1978,W,PkgDye,8.00,,9890,,    542A23909-1   ,,
Spun,80A-004,MED NAT,1708,W,PkgDye,8.00,,8540,,    542A23910-1   ,,
Spun,80A-004,MED NAT,1212,W,PkgDye,8.00,,6060,,    542A23912-1   ,,
Spun,80A-004,MED NAT,6,W,,8.00,,30,,    542A23913-1   ,,
Spun,80A-004,MED NAT,162,W,PkgDye,8.00,,810,,    542A23913-1   ,,
Spun,80A-004,MED NAT,236,W,PkgDye,8.00,,1180,,    542A23914-1   ,,
Spun,80A-004,MED NAT,1008,W,,8.00,,5040,,    542A23915-1   ,,
Spun,80A-004,MED NAT,1152,W,PkgDye,8.00,,5760,,    542A23915-1   ,,
Spun,80A-004,MED NAT,74,W,,8.00,,370,,    542A23916-1   ,,
Spun,80A-004,MED NAT,1351,W,PkgDye,8.00,,6755,,    542A23916-1   ,,
Spun,80A-004,MED NAT,1052,W,PkgDye,8.00,,5260,,    542A23917-1   ,,
Spun,80A-004,MED NAT,419,W,PkgDye,8.00,,2095,,    781A23749-1   ,,
Spun,80A-004,MED NAT,3214,W,PkgDye,8.00,,16070,,    542A14742-3   ,,
Spun,80A-004,MED NAT,3821,W,PkgDye,8.00,,19105,,    542A18155-1   ,,
Spun,80A-004,MED NAT,256,W,,8.00,,1280,,    542A23589-7   ,,
Spun,80A-004,MED NAT,824,W,PkgDye,8.00,,4120,,    542A23589-7   ,,
Spun,80A-004,MED NAT,514,W,,8.00,,2570,,    776A23351-4   ,,
Spun,80A-004,MED NAT,555,W,PkgDye,8.00,,2775,,    776A23351-4   ,,
Spun,80A-004,MED NAT,112,W,PkgDye,8.00,,560,,    542A23552-1   ,,
Spun,80A-004,MED NAT,514,W,,8.00,,2570,,    776A23351-3   ,,
Spun,80A-004,MED NAT,610,W,,8.00,,3050,,    542A21920-3   ,,
Spun,80A-004,MED NAT,3697,W,PkgDye,8.00,,18485,,    542A21920-3   ,,
Spun,80A-004,MED NAT,137,W,,8.00,,685,,    542A21920-4   ,,
Spun,80A-004,MED NAT,829,W,PkgDye,8.00,,4145,,    542A21920-4   ,,
Spun,80A-004,MED NAT,772,W,PkgDye,8.00,,3860,,    542A22944-2   ,,
Spun,80A-004,MED NAT,498,W,PkgDye,8.00,,2490,,   7738A23997-1   ,,
Spun,80A-004,MED NAT,344,W,,8.00,,1720,,   7743A21394-1   ,,
Spun,80A-004,MED NAT,696,W,PkgDye,8.00,,3480,,   7743A21394-1   ,,
Spun,80A-004,MED NAT,350,W,,8.00,,1750,,    542A24018-1   ,,
Spun,80A-004,MED NAT,291,W,,8.00,,1455,,    784A23100-1   ,,
Spun,80A-004,MED NAT,1071,W,PkgDye,8.00,,5355,,    513A24027-1   ,,
Spun,80A-004,MED NAT,722,W,PkgDye,8.00,,3610,,    542A24036-1   ,,
Spun,80A-004,MED NAT,510,W,PkgDye,8.00,,2550,,    542A24037-1   ,,
Spun,80A-004,MED NAT,962,W,PkgDye,8.00,,4810,,    542A24038-1   ,,
Spun,80A-004,MED NAT,963,W,PkgDye,8.00,,4815,,    542A24039-1   ,,
Spun,80A-004,MED NAT,770,W,,8.00,,3850,,    776A23351-1   ,,
Spun,80A-004,MED NAT,128,W,PkgDye,8.00,,640,,    490A24070-1   ,,
Spun,80A-004,MED NAT,1071,W,PkgDye,8.00,,5355,,    513A24072-1   ,,
Spun,80A-004,MED NAT,162,W,,8.00,,810,,    542A24095-2   ,,
Spun,80A-004,MED NAT,424,W,PkgDye,8.00,,2120,,    542A24095-2   ,,
Spun,80A-004,MED NAT,509,W,PkgDye,8.00,,2545,,    542A22820-2   ,,
Spun,80A-004,MED NAT,339,W,PkgDye,8.00,,1695,,    542A22820-3   ,,
Spun,80A-004,MED NAT,576,W,,8.00,,2880,,    490A24152-1   ,,
Spun,80A-004,MED NAT,106,W,PkgDye,8.00,,530,,    490A24152-1   ,,
Spun,80A-004,MED NAT,482,W,,8.00,,2410,,    542A24100-2   ,,
Spun,80A-004,MED NAT,1192,W,PkgDye,8.00,,5960,,    542A24100-2   ,,
Spun,80A-004,MED NAT,426,W,,8.00,,2130,,    542A24153-1   ,,
Spun,80A-004,MED NAT,627,W,PkgDye,8.00,,3135,,    542A24153-1   ,,
Spun,80A-004,MED NAT,964,W,PkgDye,8.00,,4820,,    542A23608-1   ,,
Spun,80A-004,MED NAT,919,W,,8.00,,4595,,    542A17712-1   ,,
Spun,80A-004,MED NAT,37,W,PkgDye,8.00,,185,,    542A17712-1   ,,
Spun,80A-004,MED NAT,778,W,PkgDye,8.00,,3890,,    542A23905-2   ,,
Spun,80A-004,MED NAT,963,W,PkgDye,8.00,,4815,,    542A23916-2   ,,
Spun,80A-004,MED NAT,792,W,,8.00,,3960,,    542A24091-1   ,,
Spun,80A-004,MED NAT,1632,W,PkgDye,8.00,,8160,,    542A24091-1   ,,
Spun,80A-004,MED NAT,42,W,,8.00,,210,,    542A24091-2   ,,
Spun,80A-004,MED NAT,924,W,PkgDye,8.00,,4620,,    542A24091-2   ,,
Spun,80A-004,MED NAT,1957,W,PkgDye,8.00,,9785,,    542A24093-1   ,,
Spun,80A-004,MED NAT,384,W,,8.00,,1920,,    542A24094-1   ,,
Spun,80A-004,MED NAT,2020,W,PkgDye,8.00,,10100,,    542A24094-1   ,,
Spun,80A-004,MED NAT,194,W,,8.00,,970,,    542A24095-1   ,,
Spun,80A-004,MED NAT,767,W,PkgDye,8.00,,3835,,    542A24095-1   ,,
Spun,80A-004,MED NAT,962,W,PkgDye,8.00,,4810,,    542A24096-1   ,,
Spun,80A-004,MED NAT,963,W,PkgDye,8.00,,4815,,    542A24097-1   ,,
Spun,80A-004,MED NAT,963,W,PkgDye,8.00,,4815,,    542A24098-1   ,,
Spun,80A-004,MED NAT,1092,W,,8.00,,5460,,    542A24099-1   ,,
Spun,80A-004,MED NAT,1177,W,PkgDye,8.00,,5885,,    542A24099-1   ,,
Spun,80A-004,MED NAT,1932,W,PkgDye,8.00,,9660,,    542A24099-2   ,,
Spun,80A-004,MED NAT,4574,W,PkgDye,8.00,,22870,,    542A24100-1   ,,
Spun,80A-004,MED NAT,1440,W,PkgDye,8.00,,7200,,    542A24102-1   ,,
Spun,80A-004,MED NAT,5290,W,PkgDye,8.00,,26450,,    542A24103-1   ,,
Spun,80A-004,MED NAT,128,W,,8.00,,640,,    542A24104-1   ,,
Spun,80A-004,MED NAT,834,W,PkgDye,8.00,,4170,,    542A24104-1   ,,
Spun,80A-004,MED NAT,1926,W,PkgDye,8.00,,9630,,    542A24270-1   ,,
Spun,80A-004,MED NAT,61,W,,8.00,,305,,    542A24271-1   ,,
Spun,80A-004,MED NAT,721,W,PkgDye,8.00,,3605,,    542A24271-1   ,,
Spun,80A-004,MED NAT,230,W,PkgDye,8.00,,1150,,    542A24272-1   ,,
Spun,80A-004,MED NAT,1115,W,PkgDye,8.00,,5575,,    542A24273-1   ,,
Spun,80A-004,MED NAT,138,W,PkgDye,8.00,,690,,    542A24273-2   ,,
Spun,80A-004,MED NAT,857,W,PkgDye,8.00,,4285,,    542A24274-1   ,,
Spun,80A-004,MED NAT,2603,W,PkgDye,8.00,,13015,,    542A24275-1   ,,
Spun,80A-004,MED NAT,1653,W,PkgDye,8.00,,8265,,    542A24276-1   ,,
Spun,80A-004,MED NAT,622,W,PkgDye,8.00,,3110,,    542A24276-2   ,,
Spun,80A-004,MED NAT,3507,W,PkgDye,8.00,,17535,,    542A24276-3   ,,
Spun,80A-004,MED NAT,248,W,PkgDye,8.00,,1240,,    542A24277-1   ,,
Spun,80A-004,MED NAT,22,W,PkgDye,8.00,,110,,    542A24278-1   ,,
Spun,80A-004,MED NAT,250,W,,8.00,,1250,,    542A24279-1   ,,
Spun,80A-004,MED NAT,400,W,PkgDye,8.00,,2000,,    542A24279-1   ,,
Spun,80A-004,MED NAT,653,W,PkgDye,8.00,,3265,,    542A24279-2   ,,
Spun,80A-004,MED NAT,913,W,PkgDye,8.00,,4565,,    542A24279-3   ,,
Spun,80A-004,MED NAT,210,W,PkgDye,8.00,,1050,,    513A23624-2   ,,
Spun,80A-004,MED NAT,592,W,PkgDye,8.00,,2960,,    513A24290-1   ,,
Spun,80A-004,MED NAT,595,W,PkgDye,8.00,,2975,,    513A24291-1   ,,
Spun,80A-004,MED NAT,1008,W,PkgDye,8.00,,5040,,    513A24292-1   ,,
Spun,80A-004,MED NAT,842,W,PkgDye,8.00,,4210,,    513A24293-1   ,,
Spun,80A-004,MED NAT,887,W,PkgDye,8.00,,4435,,    513A24294-1   ,,
Spun,80A-004,MED NAT,963,W,PkgDye,8.00,,4815,,    542A24280-1   ,,
Spun,80A-004,MED NAT,963,W,PkgDye,8.00,,4815,,    542A24280-2   ,,
Spun,80A-004,MED NAT,626,W,PkgDye,8.00,,3130,,    542A24281-1   ,,
Spun,80A-004,MED NAT,3071,W,PkgDye,8.00,,15355,,    542A24282-1   ,,
Spun,80A-004,MED NAT,682,W,PkgDye,8.00,,3410,,    542A24282-2   ,,
Spun,80A-004,MED NAT,157,W,PkgDye,8.00,,785,,    542A24282-3   ,,
Spun,80A-004,MED NAT,645,W,PkgDye,8.00,,3225,,    542A24283-1   ,,
Spun,80A-004,MED NAT,93,W,PkgDye,8.00,,465,,    542A24284-1   ,,
Spun,80A-004,MED NAT,1920,W,PkgDye,8.00,,9600,,    542A24284-2   ,,
Spun,80A-004,MED NAT,416,W,PkgDye,8.00,,2080,,    542A24284-3   ,,
Spun,80A-004,MED NAT,333,W,PkgDye,8.00,,1665,,    542A24285-1   ,,
Spun,80A-004,MED NAT,1284,W,PkgDye,8.00,,6420,,    542A24285-2   ,,
Spun,80A-004,MED NAT,640,W,PkgDye,8.00,,3200,,    542A24286-1   ,,
Spun,80A-004,MED NAT,963,W,PkgDye,8.00,,4815,,    542A24287-1   ,,
Spun,80A-004,MED NAT,496,W,,8.00,,2480,,    542A24288-1   ,,
Spun,80A-004,MED NAT,98,W,,8.00,,490,,    770A24328-1   ,,
Spun,80A-004,MED NAT,927,W,PkgDye,8.00,,4635,,    770A24328-1   ,,
Spun,80A-004,MED NAT,98,W,,8.00,,490,,    770A24328-2   ,,
Spun,80A-004,MED NAT,927,W,PkgDye,8.00,,4635,,    770A24328-2   ,,
Spun,80A-004,MED NAT,526,W,PkgDye,8.00,,2630,,    781A23749-2   ,,
Spun,80A-004,MED NAT,426,W,PkgDye,8.00,,2130,,    781A23749-3   ,,
Spun,80A-004,MED NAT,42,W,PkgDye,8.00,,210,,    542A22516-1   ,,
Spun,80A-004,MED NAT,225,W,PkgDye,8.00,,1125,,    542A22672-2   ,,
Spun,80A-004,MED NAT,77,W,,8.00,,385,,    542A23589-1   ,,
Spun,80A-004,MED NAT,103,W,PkgDye,8.00,,515,,    513A24347-1   ,,
Spun,80A-004,MED NAT,145,W,PkgDye,8.00,,725,,    542A24378-1   ,,
Spun,80A-004,MED NAT,141,W,,8.00,,705,,    542A24384-1   ,,
Spun,80A-004,MED NAT,650,W,PkgDye,8.00,,3250,,    542A24384-1   ,,
Spun,80A-004,MED NAT,141,W,,8.00,,705,,    542A24384-2   ,,
Spun,80A-004,MED NAT,649,W,PkgDye,8.00,,3245,,    542A24384-2   ,,
Spun,80A-004,MED NAT,36,W,,8.00,,180,,    542A24386-1   ,,
Spun,80A-004,MED NAT,2117,W,PkgDye,8.00,,10585,,    542A24386-1   ,,
Spun,80A-004,MED NAT,794,W,PkgDye,8.00,,3970,,    542A24420-1   ,,
Spun,80A-004,MED NAT,360,W,PkgDye,8.00,,1800,,    542A24432-1   ,,
Spun,80A-004,MED NAT,349,W,PkgDye,8.00,,1745,,    542A23549-1   ,,
Spun,80A-004,MED NAT,175,W,,8.00,,875,,    542A24018-2   ,,
Spun,80A-004,MED NAT,304,W,PkgDye,8.00,,1520,,    542A24018-2   ,,
Spun,80A-004,MED NAT,395,W,PkgDye,8.00,,1975,,    542A24289-1   ,,
Spun,80A-004,MED NAT,234,W,,8.00,,1170,,    542A24501-1   ,,
Spun,80A-004,MED NAT,448,W,PkgDye,8.00,,2240,,    542A24501-1   ,,
Spun,80A-004,MED NAT,234,W,,8.00,,1170,,    542A24501-2   ,,
Spun,80A-004,MED NAT,694,W,PkgDye,8.00,,3470,,    542A24501-2   ,,
Spun,80A-004,MED NAT,642,W,PkgDye,8.00,,3210,,    542A22818-3   ,,
Spun,80A-004,MED NAT,223,W,PkgDye,8.00,,1115,,    542A23367-4   ,,
Spun,80A-004,MED NAT,240,W,PkgDye,8.00,,1200,,    542A23551-8   ,,
Spun,80A-004,MED NAT,24,W,,8.00,,120,,    542A24468-1   ,,
Spun,80A-004,MED NAT,217,W,PkgDye,8.00,,1085,,    542A24468-1   ,,
Spun,80A-004,MED NAT,320,W,,8.00,,1600,,    542A24479-1   ,,
Spun,80A-004,MED NAT,396,W,PkgDye,8.00,,1980,,    542A24479-1   ,,
Spun,80A-004,MED NAT,218,W,PkgDye,8.00,,1090,,    542A24467-2   ,,
Spun,80A-004,MED NAT,191,W,,8.00,,955,,    542A24472-1   ,,
Spun,80A-004,MED NAT,370,W,PkgDye,8.00,,1850,,    542A24472-1   ,,
Spun,80A-004,MED NAT,468,W,PkgDye,8.00,,2340,,    542A24476-1   ,,
Spun,80A-004,MED NAT,534,W,PkgDye,8.00,,2670,,    513A24464-1   ,,
Spun,80A-004,MED NAT,112,W,,8.00,,560,,    542A24471-1   ,,
Spun,80A-004,MED NAT,421,W,PkgDye,8.00,,2105,,    542A24471-1   ,,
Spun,80A-004,MED NAT,270,W,,8.00,,1350,,    542A24473-1   ,,
Spun,80A-004,MED NAT,173,W,,8.00,,865,,    542A22049-3   ,,
Spun,80A-004,MED NAT,787,W,PkgDye,8.00,,3935,,    542A22049-3   ,,
Spun,80A-004,MED NAT,169,W,,8.00,,845,,    542A22050-3   ,,
Spun,80A-004,MED NAT,788,W,PkgDye,8.00,,3940,,    542A22050-3   ,,
Spun,80A-004,MED NAT,145,W,,8.00,,725,,    542A23172-3   ,,
Spun,80A-004,MED NAT,814,W,PkgDye,8.00,,4070,,    542A23172-3   ,,
Spun,80A-004,MED NAT,963,W,PkgDye,8.00,,4815,,    542A24469-2   ,,
Spun,80A-004,MED NAT,963,W,PkgDye,8.00,,4815,,    542A24470-1   ,,
Spun,80A-004,MED NAT,101,W,,8.00,,505,,    542A24478-1   ,,
Spun,80A-004,MED NAT,379,W,PkgDye,8.00,,1895,,    542A24478-1   ,,
Spun,80A-004,MED NAT,726,W,PkgDye,8.00,,3630,,    542A24474-1   ,,
Spun,80A-017,YD-VERY DK,965,W,PkgDye,8.00,,4825,,    542A23551-2   ,,
Spun,80A-017,YD-VERY DK,1687,W,PkgDye,8.00,,8435,,    542A23551-3   ,,
Spun,80A-017,YD-VERY DK,756,W,PkgDye,8.00,,3780,,    542A23367-2   ,,
Spun,80A-017,YD-VERY DK,483,W,PkgDye,8.00,,2415,,    542A23902-1   ,,
Spun,80A-017,YD-VERY DK,1891,W,PkgDye,8.00,,9455,,    542A23906-1   ,,
Spun,80A-017,YD-VERY DK,698,W,PkgDye,8.00,,3490,,    542A23906-2   ,,
Spun,80A-017,YD-VERY DK,1844,W,PkgDye,8.00,,9220,,    542A23908-1   ,,
Spun,80A-017,YD-VERY DK,2089,W,PkgDye,8.00,,10445,,    542A23909-1   ,,
Spun,80A-017,YD-VERY DK,232,W,PkgDye,8.00,,1160,,    542A23910-1   ,,
Spun,80A-017,YD-VERY DK,720,W,PkgDye,8.00,,3600,,    542A23912-1   ,,
Spun,80A-017,YD-VERY DK,75,W,PkgDye,8.00,,375,,    542A23913-1   ,,
Spun,80A-017,YD-VERY DK,2466,W,PkgDye,8.00,,12330,,    542A23914-1   ,,
Spun,80A-017,YD-VERY DK,3891,W,PkgDye,8.00,,19455,,    542A23915-1   ,,
Spun,80A-017,YD-VERY DK,501,W,PkgDye,8.00,,2505,,    542A23916-1   ,,
Spun,80A-017,YD-VERY DK,390,W,PkgDye,8.00,,1950,,    542A23917-1   ,,
Spun,80A-017,YD-VERY DK,6431,W,PkgDye,8.00,,32155,,    542A14742-3   ,,
Spun,80A-017,YD-VERY DK,1321,W,PkgDye,8.00,,6605,,    542A23589-7   ,,
Spun,80A-017,YD-VERY DK,1386,W,PkgDye,8.00,,6930,,    776A23351-2   ,,
Spun,80A-017,YD-VERY DK,2129,W,PkgDye,8.00,,10645,,    542A21920-3   ,,
Spun,80A-017,YD-VERY DK,477,W,PkgDye,8.00,,2385,,    542A21920-4   ,,
Spun,80A-017,YD-VERY DK,509,W,PkgDye,8.00,,2545,,   7737A23676-4   ,,
Spun,80A-017,YD-VERY DK,608,W,PkgDye,8.00,,3040,,    542A24018-1   ,,
Spun,80A-017,YD-VERY DK,805,W,PkgDye,8.00,,4025,,    784A23100-1   ,,
Spun,80A-017,YD-VERY DK,370,W,PkgDye,8.00,,1850,,    542A24028-1   ,,
Spun,80A-017,YD-VERY DK,379,W,PkgDye,8.00,,1895,,    542A24036-1   ,,
Spun,80A-017,YD-VERY DK,132,W,PkgDye,8.00,,660,,    542A24037-1   ,,
Spun,80A-017,YD-VERY DK,942,W,PkgDye,8.00,,4710,,    542A22820-2   ,,
Spun,80A-017,YD-VERY DK,628,W,PkgDye,8.00,,3140,,    542A22820-3   ,,
Spun,80A-017,YD-VERY DK,402,W,PkgDye,8.00,,2010,,    490A24152-1   ,,
Spun,80A-017,YD-VERY DK,487,W,PkgDye,8.00,,2435,,    542A24100-2   ,,
Spun,80A-017,YD-VERY DK,628,W,PkgDye,8.00,,3140,,    542A24153-1   ,,
Spun,80A-017,YD-VERY DK,190,W,PkgDye,8.00,,950,,    542A23905-2   ,,
Spun,80A-017,YD-VERY DK,470,W,PkgDye,8.00,,2350,,    542A24091-1   ,,
Spun,80A-017,YD-VERY DK,673,W,PkgDye,8.00,,3365,,    542A24093-1   ,,
Spun,80A-017,YD-VERY DK,1103,W,PkgDye,8.00,,5515,,    542A24099-1   ,,
Spun,80A-017,YD-VERY DK,489,W,PkgDye,8.00,,2445,,    542A24102-1   ,,
Spun,80A-017,YD-VERY DK,5721,W,,8.00,,28605,,    542A-DGRG     ,,
Spun,80A-017,YD-VERY DK,235,W,PkgDye,8.00,,1175,,    542A24271-1   ,,
Spun,80A-017,YD-VERY DK,10,W,PkgDye,8.00,,50,,    542A24272-1   ,,
Spun,80A-017,YD-VERY DK,113,W,PkgDye,8.00,,565,,    542A24273-1   ,,
Spun,80A-017,YD-VERY DK,19,W,PkgDye,8.00,,95,,    542A24273-2   ,,
Spun,80A-017,YD-VERY DK,107,W,PkgDye,8.00,,535,,    542A24274-1   ,,
Spun,80A-017,YD-VERY DK,582,W,PkgDye,8.00,,2910,,    542A24275-1   ,,
Spun,80A-017,YD-VERY DK,383,W,PkgDye,8.00,,1915,,    542A24276-1   ,,
Spun,80A-017,YD-VERY DK,1317,W,PkgDye,8.00,,6585,,    542A24276-3   ,,
Spun,80A-017,YD-VERY DK,22,W,PkgDye,8.00,,110,,    542A24278-1   ,,
Spun,80A-017,YD-VERY DK,311,W,PkgDye,8.00,,1555,,    542A24279-1   ,,
Spun,80A-017,YD-VERY DK,110,W,PkgDye,8.00,,550,,    542A24279-3   ,,
Spun,80A-017,YD-VERY DK,1400,W,PkgDye,8.00,,7000,,    513A23624-2   ,,
Spun,80A-017,YD-VERY DK,187,W,PkgDye,8.00,,935,,    513A24291-1   ,,
Spun,80A-017,YD-VERY DK,65,W,PkgDye,8.00,,325,,    513A24292-1   ,,
Spun,80A-017,YD-VERY DK,229,W,PkgDye,8.00,,1145,,    513A24293-1   ,,
Spun,80A-017,YD-VERY DK,184,W,PkgDye,8.00,,920,,    513A24294-1   ,,
Spun,80A-017,YD-VERY DK,578,W,PkgDye,8.00,,2890,,    542A24281-1   ,,
Spun,80A-017,YD-VERY DK,1309,W,PkgDye,8.00,,6545,,    542A24282-2   ,,
Spun,80A-017,YD-VERY DK,1443,W,PkgDye,8.00,,7215,,    542A24282-3   ,,
Spun,80A-017,YD-VERY DK,76,W,PkgDye,8.00,,380,,    542A24283-1   ,,
Spun,80A-017,YD-VERY DK,1984,W,PkgDye,8.00,,9920,,    542A24284-3   ,,
Spun,80A-017,YD-VERY DK,129,W,PkgDye,8.00,,645,,    542A24285-1   ,,
Spun,80A-017,YD-VERY DK,385,W,PkgDye,8.00,,1925,,    542A24286-1   ,,
Spun,80A-017,YD-VERY DK,519,W,PkgDye,8.00,,2595,,    542A24288-1   ,,
Spun,80A-017,YD-VERY DK,105,W,PkgDye,8.00,,525,,    770A24328-1   ,,
Spun,80A-017,YD-VERY DK,105,W,PkgDye,8.00,,525,,    770A24328-2   ,,
Spun,80A-017,YD-VERY DK,482,W,PkgDye,8.00,,2410,,    542A23551-6   ,,
Spun,80A-017,YD-VERY DK,512,W,PkgDye,8.00,,2560,,    542A23551-7   ,,
Spun,80A-017,YD-VERY DK,236,W,PkgDye,8.00,,1180,,    542A22516-1   ,,
Spun,80A-017,YD-VERY DK,193,W,PkgDye,8.00,,965,,    542A22672-2   ,,
Spun,80A-017,YD-VERY DK,397,W,PkgDye,8.00,,1985,,    542A23589-1   ,,
Spun,80A-017,YD-VERY DK,423,W,PkgDye,8.00,,2115,,    513A24347-1   ,,
Spun,80A-017,YD-VERY DK,555,W,PkgDye,8.00,,2775,,    776A23351-6   ,,
Spun,80A-017,YD-VERY DK,185,W,PkgDye,8.00,,925,,    542A24378-1   ,,
Spun,80A-017,YD-VERY DK,84,W,PkgDye,8.00,,420,,    542A24384-1   ,,
Spun,80A-017,YD-VERY DK,84,W,PkgDye,8.00,,420,,    542A24384-2   ,,
Spun,80A-017,YD-VERY DK,273,W,PkgDye,8.00,,1365,,    542A24385-1   ,,
Spun,80A-017,YD-VERY DK,167,W,PkgDye,8.00,,835,,    542A24420-1   ,,
Spun,80A-017,YD-VERY DK,4,W,PkgDye,8.00,,20,,    542A24432-1   ,,
Spun,80A-017,YD-VERY DK,192,W,PkgDye,8.00,,960,,    542A23549-1   ,,
Spun,80A-017,YD-VERY DK,34,W,PkgDye,8.00,,170,,    542A24501-1   ,,
Spun,80A-017,YD-VERY DK,34,W,PkgDye,8.00,,170,,    542A24501-2   ,,
Spun,80A-017,YD-VERY DK,323,W,PkgDye,8.00,,1615,,    542A22818-3   ,,
Spun,80A-017,YD-VERY DK,652,W,PkgDye,8.00,,3260,,    542A24468-1   ,,
Spun,80A-017,YD-VERY DK,202,W,PkgDye,8.00,,1010,,    542A24467-2   ,,
Spun,80A-017,YD-VERY DK,104,W,PkgDye,8.00,,520,,    542A24476-1   ,,
Spun,80A-017,YD-VERY DK,223,W,PkgDye,8.00,,1115,,    542A24471-1   ,,
Spun,80A-017,YD-VERY DK,321,W,PkgDye,8.00,,1605,,    542A24473-1   ,,
Spun,80A-017,YD-VERY DK,477,W,PkgDye,8.00,,2385,,    542A24474-1   ,,
Spun,80A-M04,BLUE MIX,372,W,,16.00,,1860,,    542A24095-2   ,,
Spun,80A-M16,TAN MIX,150,W,,16.00,,750,,    542A23724-1   ,,
Spun,80A-M16,TAN MIX,602,W,,16.00,,3010,,    542A24018-1   ,,
Spun,80A-M16,TAN MIX,22,W,,16.00,,110,,    542A24273-2   ,,
Spun,80A-M16,TAN MIX,400,W,,16.00,,2000,,    781A23749-3   ,,
Spun,80A-M16,TAN MIX,86,W,,16.00,,430,,    542A24289-1   ,,
Spun,80A-M17,TAN MIX,536,W,,16.00,,2680,,    542A23367-2   ,,
Spun,80A-M17,TAN MIX,716,W,,16.00,,3580,,    542A24270-2   ,,
Spun,80A-M17,TAN MIX,151,W,,16.00,,755,,    542A24273-2   ,,
Spun,80A-M17,TAN MIX,64,W,,16.00,,320,,    781A23749-3   ,,
Spun,80A-M17,TAN MIX,80,W,,16.00,,400,,    542A24384-1   ,,
Spun,80A-M17,TAN MIX,13,W,,16.00,,65,,    542A24432-1   ,,
Spun,80A-M17,TAN MIX,203,W,,16.00,,1015,,    542A24471-1   ,,
Spun,80A-M27,BLUE MIX,352,W,,16.00,,1760,,    542A24018-1   ,,
Spun,80A-M27,BLUE MIX,201,W,,16.00,,1005,,    542A24028-1   ,,
Spun,80A-M27,BLUE MIX,340,W,,16.00,,1700,,    542A24036-1   ,,
Spun,80A-M29,OXFORD MIX,87,W,,16.00,,435,,    542A23727-1   ,,
Spun,80A-M29,OXFORD MIX,572,W,,16.00,,2860,,    542A23367-2   ,,
Spun,80A-M29,OXFORD MIX,1198,W,,16.00,,5990,,    542A23367-3   ,,
Spun,80A-M29,OXFORD MIX,842,W,,16.00,,4210,,    542A23911-1   ,,
Spun,80A-M29,OXFORD MIX,1999,W,,16.00,,9995,,    542A23903-1   ,,
Spun,80A-M29,OXFORD MIX,4134,W,,16.00,,20670,,    542A23909-1   ,,
Spun,80A-M29,OXFORD MIX,2555,W,,16.00,,12775,,    542A18155-1   ,,
Spun,80A-M29,OXFORD MIX,716,W,,16.00,,3580,,    542A24270-2   ,,
Spun,80A-M29,OXFORD MIX,928,W,,16.00,,4640,,    542A24273-2   ,,
Spun,80A-M29,OXFORD MIX,904,W,,16.00,,4520,,    542A24275-1   ,,
Spun,80A-M29,OXFORD MIX,501,W,,16.00,,2505,,    542A24277-1   ,,
Spun,80A-M29,OXFORD MIX,472,W,,16.00,,2360,,    513A24290-1   ,,
Spun,80A-M29,OXFORD MIX,136,W,,16.00,,680,,    513A24291-1   ,,
Spun,80A-M29,OXFORD MIX,1260,W,,16.00,,6300,,    542A24282-1   ,,
Spun,80A-M29,OXFORD MIX,846,W,,16.00,,4230,,    542A24282-3   ,,
Spun,80A-M29,OXFORD MIX,238,W,,16.00,,1190,,    542A24283-1   ,,
Spun,80A-M29,OXFORD MIX,1964,W,,16.00,,9820,,    542A24284-1   ,,
Spun,80A-M29,OXFORD MIX,318,W,,16.00,,1590,,    542A24285-1   ,,
Spun,80A-M29,OXFORD MIX,254,W,,16.00,,1270,,    542A22672-2   ,,
Spun,80A-M29,OXFORD MIX,152,W,,16.00,,760,,    542A24378-1   ,,
Spun,80A-M29,OXFORD MIX,954,W,,16.00,,4770,,    542A14091-M29 ,,
Spun,80A-M29,OXFORD MIX,67,W,,16.00,,335,,    542A24432-1   ,,
Spun,80A-M29,OXFORD MIX,244,W,,16.00,,1220,,    542A24501-1   ,,
Spun,80A-M29,OXFORD MIX,150,W,,16.00,,750,,    542A23367-4   ,,
Spun,80A-M29,OXFORD MIX,238,W,,16.00,,1190,,    542A23551-8   ,,
Spun,80A-M29,OXFORD MIX,387,W,,16.00,,1935,,    542A24467-2   ,,
Spun,80A-M29,OXFORD MIX,216,W,,16.00,,1080,,    542A24472-1   ,,
Spun,80A-M29,OXFORD MIX,175,W,,16.00,,875,,    542A24473-1   ,,
Spun,80A-M38,GREY MIX,39,W,,16.00,,195,,    542A23727-1   ,,
Spun,80A-M38,GREY MIX,536,W,,16.00,,2680,,    542A23367-2   ,,
Spun,80A-M38,GREY MIX,857,W,,16.00,,4285,,    542A23367-3   ,,
Spun,80A-M38,GREY MIX,1176,W,,16.00,,5880,,    542A23903-1   ,,
Spun,80A-M38,GREY MIX,1836,W,,16.00,,9180,,    542A18155-1   ,,
Spun,80A-M38,GREY MIX,1284,W,,16.00,,6420,,    776A23351-2   ,,
Spun,80A-M38,GREY MIX,1455,W,,16.00,,7275,,    542A24093-1   ,,
Spun,80A-M38,GREY MIX,242,W,,16.00,,1210,,    542A24278-1   ,,
Spun,80A-M38,GREY MIX,320,W,,16.00,,1600,,    542A24284-1   ,,
Spun,80A-M38,GREY MIX,68,W,,16.00,,340,,    781A23749-2   ,,
Spun,80A-M38,GREY MIX,202,W,,16.00,,1010,,    542A22516-1   ,,
Spun,80A-M38,GREY MIX,245,W,,16.00,,1225,,    542A23589-1   ,,
Spun,80A-M38,GREY MIX,80,W,,16.00,,400,,    542A24384-2   ,,
Spun,80A-M38,GREY MIX,103,W,,16.00,,515,,    542A24385-1   ,,
Spun,80A-M38,GREY MIX,301,W,,16.00,,1505,,    542A24018-2   ,,
Spun,80A-M38,GREY MIX,107,W,,16.00,,535,,    542A23367-4   ,,
Spun,80A-M38,GREY MIX,237,W,,16.00,,1185,,    542A24479-1   ,,
Spun,80A-M38,GREY MIX,147,W,,16.00,,735,,    542A24467-2   ,,
Spun,80A-M38,GREY MIX,177,W,,16.00,,885,,    542A24472-1   ,,
Spun,80A-M38,GREY MIX,191,W,,16.00,,955,,    542A24473-1   ,,
Spun,80A-M45,GREY MIX,191,W,,16.00,,955,,    542A22944-2   ,,
Spun,80A-M48,GREY MIX,176,W,,16.00,,880,,    542A24018-2   ,,
Spun,80A-M49,GREY MIX,4809,W,,16.00,,24045,,    774-23070-M49 ,,
Spun,80A-M49,GREY MIX,83,W,,16.00,,415,,    542A23727-1   ,,
Spun,80A-M49,GREY MIX,257,W,,16.00,,1285,,    542A23724-1   ,,
Spun,80A-M49,GREY MIX,257,W,,16.00,,1285,,    542A23724-2   ,,
Spun,80A-M49,GREY MIX,3814,W,,16.00,,19070,,    542A14091-M49 ,,
Spun,80A-M49,GREY MIX,163,W,,16.00,,815,,    542A23907-1   ,,
Spun,80A-M49,GREY MIX,1445,W,,16.00,,7225,,    542A23903-1   ,,
Spun,80A-M49,GREY MIX,426,W,,16.00,,2130,,    542A23914-1   ,,
Spun,80A-M49,GREY MIX,1140,W,,16.00,,5700,,    542A23915-1   ,,
Spun,80A-M49,GREY MIX,744,W,,16.00,,3720,,    542A24270-2   ,,
Spun,80A-M49,GREY MIX,518,W,,16.00,,2590,,    542A24273-2   ,,
Spun,80A-M49,GREY MIX,712,W,,16.00,,3560,,    542A24275-1   ,,
Spun,80A-M49,GREY MIX,326,W,,16.00,,1630,,    542A24276-1   ,,
Spun,80A-M49,GREY MIX,207,W,,16.00,,1035,,    542A24277-1   ,,
Spun,80A-M49,GREY MIX,912,W,,16.00,,4560,,    542A24282-3   ,,
Spun,80A-M49,GREY MIX,177,W,,16.00,,885,,    542A24285-1   ,,
Spun,80A-M49,GREY MIX,425,W,,16.00,,2125,,    781A23749-2   ,,
Spun,80A-M49,GREY MIX,242,W,,16.00,,1210,,    542A22516-1   ,,
Spun,80A-M49,GREY MIX,286,W,,16.00,,1430,,    542A22672-2   ,,
Spun,80A-M49,GREY MIX,308,W,,16.00,,1540,,    542A24385-1   ,,
Spun,80A-M49,GREY MIX,34,W,,16.00,,170,,    542A24432-1   ,,
Spun,80A-M49,GREY MIX,72,W,,16.00,,360,,    542A24468-1   ,,
Spun,80A-M60,NAVY MIX,514,W,,16.00,,2570,,    776A23351-6   ,,
Spun,80A-M71,TAN MIX,387,W,,16.00,,1935,,    490A24070-1   ,,
Spun,80A-N93,TAUPE MIX,954,W,,16.00,,4770,,    542A14091-N93 ,,
Spun,80A-N93,TAUPE MIX,308,W,,16.00,,1540,,    542A24279-2   ,,
Spun,80A-N93,TAUPE MIX,477,W,,16.00,,2385,,    542A23551-6   ,,
Spun,80A-P45,GREEN MIX,478,W,,16.00,,2390,,    542A14091-P45 ,,
Spun,80A-P45,GREEN MIX,201,W,,16.00,,1005,,    542A23907-1   ,,
Spun,80A-P51,TAN MIX,127,W,,16.00,,635,,    542A23552-1   ,,
Spun,80A-P51,TAN MIX,686,W,,16.00,,3430,,    542A24270-2   ,,
Spun,80A-P51,TAN MIX,124,W,,16.00,,620,,    542A24273-2   ,,
Spun,80A-P51,TAN MIX,67,W,,16.00,,335,,    781A23749-3   ,,
Spun,80A-P51,TAN MIX,270,W,,16.00,,1350,,    542A24385-1   ,,
Spun,80A-P57,OXFORD MIX,5175,W,,16.00,,25875,,    542A23903-1   ,,
Spun,80A-P82,GREEN MIX,389,W,,16.00,,1945,,    542A24476-1   ,,
Spun,80A-Q01,BLUE MIX,178,W,,16.00,,890,,    542A23549-1   ,,
Spun,80A-R28,GREEN MIX,4291,W,,16.00,,21455,,    542A14091-R28 ,,
Spun,80A-R28,GREEN MIX,1670,W,,16.00,,8350,,    542A23551-3   ,,
Spun,80A-R28,GREEN MIX,915,W,,16.00,,4575,,    542A23367-3   ,,
Spun,80A-R28,GREEN MIX,333,W,,16.00,,1665,,    542A24278-1   ,,
Spun,80A-R28,GREEN MIX,636,W,,16.00,,3180,,    542A24285-2   ,,
Spun,80A-R28,GREEN MIX,539,W,,16.00,,2695,,    513A24347-1   ,,
Spun,80A-R50,BEIGE MIX,549,W,,16.00,,2745,,    490A24070-1   ,,
Spun,80A-U42,BLUE MIX,954,W,,16.00,,4770,,    542A14091-U42 ,,
Spun,80A-U42,BLUE MIX,717,W,,16.00,,3585,,    542A24272-1   ,,
Spun,80A-U42,BLUE MIX,1160,W,,16.00,,5800,,    542A24273-1   ,,
Spun,80A-U42,BLUE MIX,331,W,,16.00,,1655,,    542A24278-1   ,,
Spun,80A-U42,BLUE MIX,507,W,,16.00,,2535,,    542A23551-7   ,,
Spun,80A-V26,BROWN MIX,1238,W,,16.00,,6190,,    542A23904-1   ,,
Spun,80A-V26,BROWN MIX,1435,W,,16.00,,7175,,    542A23907-1   ,,
Spun,80A-V26,BROWN MIX,388,W,,16.00,,1940,,    542A24028-1   ,,
Spun,80A-V26,BROWN MIX,523,W,,16.00,,2615,,    542A24276-1   ,,
Spun,80A-V26,BROWN MIX,149,W,,16.00,,745,,    513A24291-1   ,,
Spun,80A-V36,BLUE MIX,139,W,,16.00,,695,,    542A23724-2   ,,
Spun,80A-V36,BLUE MIX,300,W,,16.00,,1500,,    781A23749-1   ,,
Spun,80A-V36,BLUE MIX,823,W,,16.00,,4115,,    776A23351-1   ,,
Spun,80A-V36,BLUE MIX,339,W,,16.00,,1695,,    542A24276-2   ,,
Spun,80A-V36,BLUE MIX,801,W,,16.00,,4005,,    774-23070-V36 ,,
Spun,80A-V43,GREEN MIX,549,W,,16.00,,2745,,    776A23351-3   ,,
Spun,80A-W30,RED MIX,1907,W,,16.00,,9535,,    542A14091-W30 ,,
Spun,80A-W30,RED MIX,2995,W,,16.00,,14975,,    542A23911-1   ,,
Spun,80A-W45,LT GRN MIX,801,W,,16.00,,4005,,    774-23070-W45 ,,
Spun,80A-W47,BLUE MIX,2403,W,,16.00,,12015,,    774-23070-W47 ,,
Spun,80A-W48,BLUE MIX,6813,W,,16.00,,34065,,    774-23070-W48 ,,
Spun,80A-W49,RED MIX,801,W,,16.00,,4005,,    774-23070-W49 ,,
Spun,80A-W50,RED MIX,801,W,,16.00,,4005,,    774-23070-W50 ,,
Spun,80A-W51,TAN MIX,801,W,,16.00,,4005,,    774-23070-W51 ,,
Spun,80A-W52,GREY MIX,10020,W,,16.00,,50100,,    774-23070-W52 ,,
Spun,80A-W53,BLUE MIX,801,W,,16.00,,4005,,    774-23070-W53 ,,
Spun,80A-W54,BLUE MIX,5010,W,,16.00,,25050,,    774-23070-W54 ,,
Spun,80A-W67,ORANGE MIX,955,W,,16.00,,4775,,    542A23551-2   ,,
Spun,80A-W67,ORANGE MIX,857,W,,16.00,,4285,,    542A23367-3   ,,
Spun,80A-W67,ORANGE MIX,954,W,,16.00,,4770,,    542A14091-W67 ,,
Spun,80Y-999,ODD YARN,1907,W,,,,9535,,    542A23919-GRG ,,
Spun,96F-001,WHT NAT,449,W,PkgDye,12.00,,2694,,    775A23920-1   ,,
Spun,96F-001,WHT NAT,449,W,PkgDye,12.00,,2694,,    775A23920-2   ,,
Spun,96F-001,WHT NAT,1345,W,PkgDye,12.00,,8070,,    775A23920-3   ,,
Spun,96F-001,WHT NAT,879,W,PkgDye,12.00,,5274,,    775A23388-4   ,,
Spun,96F-001,WHT NAT,208,W,,12.00,,1248,,    775A24054-1   ,,
Spun,96F-001,WHT NAT,1583,W,PkgDye,12.00,,9498,,    775A24054-1   ,,
Spun,96F-001,WHT NAT,1784,W,PkgDye,12.00,,10704,,    775A24055-1   ,,
Spun,96F-001,WHT NAT,319,W,,12.00,,1914,,    775A24139-1   ,,
Spun,96F-001,WHT NAT,1231,W,PkgDye,12.00,,7386,,    775A24139-1   ,,
Spun,96F-001,WHT NAT,182,W,,12.00,,1092,,    775A24139-2   ,,
Spun,96F-001,WHT NAT,706,W,PkgDye,12.00,,4236,,    775A24139-2   ,,
Spun,96F-001,WHT NAT,59,W,,12.00,,354,,    775A24140-1   ,,
Spun,96F-001,WHT NAT,1502,W,PkgDye,12.00,,9012,,    775A24140-1   ,,
Spun,96F-001,WHT NAT,165,W,,12.00,,990,,    775A24122-1   ,,
Spun,96F-001,WHT NAT,782,W,PkgDye,12.00,,4692,,    775A24122-1   ,,
Spun,96F-001,WHT NAT,77,W,,12.00,,462,,    775A24122-2   ,,
Spun,96F-001,WHT NAT,369,W,PkgDye,12.00,,2214,,    775A24122-2   ,,
Spun,96F-001,WHT NAT,155,W,,12.00,,930,,    775A24122-3   ,,
Spun,96F-001,WHT NAT,736,W,PkgDye,12.00,,4416,,    775A24122-3   ,,
Spun,96F-001,WHT NAT,77,W,,12.00,,462,,    775A24122-4   ,,
Spun,96F-001,WHT NAT,369,W,PkgDye,12.00,,2214,,    775A24122-4   ,,
Spun,96F-001,WHT NAT,77,W,,12.00,,462,,    775A24362-1   ,,
Spun,96F-001,WHT NAT,240,W,PkgDye,12.00,,1440,,    775A24362-1   ,,
Spun,96F-001,WHT NAT,77,W,,12.00,,462,,    775A24362-2   ,,
Spun,96F-001,WHT NAT,240,W,PkgDye,12.00,,1440,,    775A24362-2   ,,
Spun,96F-001,WHT NAT,77,W,,12.00,,462,,    775A24362-3   ,,
Spun,96F-001,WHT NAT,240,W,PkgDye,12.00,,1440,,    775A24362-3   ,,
Spun,96F-001,WHT NAT,439,W,PkgDye,12.00,,2634,,    775A24315-1   ,,
Spun,96F-001,WHT NAT,439,W,PkgDye,12.00,,2634,,    775A24315-2   ,,
Spun,96F-001,WHT NAT,439,W,PkgDye,12.00,,2634,,    775A24315-3   ,,
Spun,96F-001,WHT NAT,46,W,,12.00,,276,,    775A24348-1   ,,
Spun,96F-001,WHT NAT,641,W,PkgDye,12.00,,3846,,    775A24348-1   ,,
Spun,96F-001,WHT NAT,876,W,PkgDye,12.00,,5256,,    775A24415-1   ,,
Spun,96F-001,WHT NAT,876,W,PkgDye,12.00,,5256,,    775A24415-2   ,,
Spun,96F-001,WHT NAT,889,W,PkgDye,12.00,,5334,,    775A24417-1   ,,
Spun,96F-001,WHT NAT,659,W,PkgDye,12.00,,3954,,    775A24418-1   ,,
Spun,96F-001,WHT NAT,218,W,,12.00,,1308,,    775A24419-1   ,,
Spun,96F-001,WHT NAT,383,W,PkgDye,12.00,,2298,,    775A24419-1   ,,
Spun,96F-001,WHT NAT,889,W,PkgDye,12.00,,5334,,    775A24417-2   ,,
Spun,96F-001,WHT NAT,880,W,PkgDye,12.00,,5280,,    775A24507-1   ,,
Spun,96F-001,WHT NAT,34,W,,12.00,,204,,    775A24511-1   ,,
Spun,96F-001,WHT NAT,846,W,PkgDye,12.00,,5076,,    775A24511-1   ,,
Spun,96F-001,WHT NAT,108,W,,12.00,,648,,    775A24486-1   ,,
Spun,96F-001,WHT NAT,331,W,PkgDye,12.00,,1986,,    775A24486-1   ,,
Spun,96F-001,WHT NAT,108,W,,12.00,,648,,    775A24486-2   ,,
Spun,96F-001,WHT NAT,331,W,PkgDye,12.00,,1986,,    775A24486-2   ,,
Spun,96F-M38,GREY MIX,121,W,,,,726,,    775A24362-1   ,,
Spun,96F-M38,GREY MIX,121,W,,,,726,,    775A24362-2   ,,
Spun,96F-M38,GREY MIX,121,W,,,,726,,    775A24362-3   ,,
Spun,96F-M38,GREY MIX,435,W,,,,2610,,    775A24315-1   ,,
Spun,96F-M38,GREY MIX,435,W,,,,2610,,    775A24315-2   ,,
Spun,96F-M38,GREY MIX,435,W,,,,2610,,    775A24315-3   ,,
Spun,96F-M38,GREY MIX,184,W,,,,1104,,    775A24348-1   ,,
Spun,96F-M38,GREY MIX,275,W,,,,1650,,    775A24419-1   ,,
